date,ZG,ZK,ZU,ZB,ZC,ZF,ZT,FN,BN,CN,AN,JN,ES,XU,NK,LX
2001-04-30,0.019958226966813708,0.007247106190236607,0.07501021539898423,0.19605952052907138,-0.014463299282565178,0.02530711667505936,-0.014106406630362889,0.009087178284575392,0.009322752138069212,0.025695419165497002,0.05608335887220339,0.01549695740365098,0.07269476631415617,0.09240637934754892,0.08967542258550898,0.06274910080684348
2001-05-31,0.005915813424345995,-0.025082442290396578,-0.02302345786272808,-0.04296740006911648,-0.07108302969222424,0.0386284722222221,0.046507146985991454,-0.04729258656751101,-0.009236641221374131,-0.00046651219929405574,-0.013058618688334356,0.03379674017257894,0.002586518655953718,-0.02192229508903243,-0.07501274488383947,-0.03494168762863026
2001-06-30,0.01651210133453951,-0.06775317753177534,-0.08442641173855048,-0.1958353394318728,-0.017117199823069362,-0.00761541337673477,-0.006375898422050219,0.00353701670935469,-0.0013868556899605533,0.015837702444109203,0.007938841517200812,-0.04814900687842949,-0.027899974123126836,-0.03672696027671907,-0.027793087158491492,-0.030827922847258438
2001-07-31,-0.017578994214508148,-0.04343045629466746,0.01900078917015735,-0.015566531956294094,0.10900059437887388,-0.02740424305890299,-0.01909258738187236,0.030667638956408894,0.009490008486999324,-0.010751206064782859,-0.001166861143523934,-0.005764858720363697,-0.01339851091805222,-0.043589802235335484,-0.07588273404599932,-0.020977482213148768
2001-08-31,0.027180067950169917,-0.008160919540229794,0.05981174788514232,0.1137296639805383,0.004601591032639796,0.013717905626733806,-0.010151893597520445,0.04118352266027281,0.021782329562824776,-0.012106575015868648,0.042932242990654235,0.049734585545120336,-0.0660381986460411,-0.08725094361431185,-0.09587240382087459,-0.034437979172389666
2001-09-30,0.06328555678059544,-0.050990844825588244,-0.1492411467116358,-0.1410238907849829,-0.07642064508261692,-0.05306133917783584,-0.10142919747239854,1.8875937898066297e-05,0.012566384920338125,-0.01799062857501066,-0.07308877065247832,-0.010191380115139204,-0.08519578748325751,-0.12182650236238357,-0.09043326548415243,-0.08692840885578312
2001-10-31,-0.04603898797179595,-0.041396995970203965,-0.11291707961678232,-0.1300063572790845,-0.04196202374959768,0.027667163195907563,0.011138380215216293,-0.011013901865851161,-0.010342025559577528,-0.005362015862630187,0.026283987915407758,-0.025780083313683866,0.01628723719844216,0.04849657147687547,0.06425831202046028,0.024303883522646785
2001-11-30,-0.02304347826086961,0.15668789808917194,-0.09198569938924472,-0.04859335038363177,0.015814498346196082,0.03759997690064387,-0.0017270351008216167,-0.0033400133600535176,-0.019855191460774746,0.009851268310683947,0.03856343832793652,-0.011617587736990731,0.07471681057617152,0.052281134401972906,0.023430459597476805,0.03257653272863026
2001-12-31,0.014908767245215948,-0.09977973568281939,-0.0022147485850216864,0.03590629800307221,-0.052148695858630356,0.01774861417217677,0.007481180156169609,-0.004461891995404033,0.023303632625085724,-0.012122463894758684,-0.022108843537415046,-0.0628520120806465,0.007009182028457239,0.03936741720899195,-0.028470795421191686,0.0005356329842791663
2002-01-31,0.010962508221881162,0.11304135062392962,-0.04258467609339034,-0.021130676552363337,-0.014358304557084312,-0.019183550706805663,0.0346761343419808,-0.03491257429742056,-0.029024335789238687,0.004776609090031858,-0.004927536231884133,-0.025259123769706515,-0.016322127096819128,-0.03992732602257398,-0.04138972809667674,-0.01573917931422153
2002-02-28,0.05031446540880502,-0.025829852714882473,0.09651382448909507,0.051505396705169515,-0.025704094320956217,-0.03379293810668116,-0.017545695809815576,0.012835844694251808,0.006591553613857659,-0.010468187274910057,0.02330323332362383,0.007148601554820777,-0.02078542366884839,-0.01087118526179831,0.06376720243723089,-0.005629436240515595
2002-03-31,0.018377039025397446,0.05968633645492494,0.19514487079091625,0.20637493246893568,-0.024099864921514835,-0.034622841842858465,-0.056567593480345235,0.0034044395465993027,0.007157542069595735,0.0052894647449897025,0.03358952462282949,0.005678289415313564,0.035696865685123313,0.030323647056674785,0.07406675883863323,0.03194398862268888
2002-04-30,0.018045417680454312,-0.04067291311754695,0.030598873017952943,-0.017763845350052265,-0.035539051910116526,-0.024238475516449753,-0.033052651955090995,0.03571358528310031,0.024268541619414608,0.01675033790307001,0.010190030294684682,0.031054256726952056,-0.0626449913659276,-0.04505307008796999,0.022894446487679243,-0.02067210855507262
2002-05-31,0.05496912965544709,0.03385127635960061,-0.046665395130014664,-0.08328267477203644,0.0673232048300092,-0.03739869273038032,-0.048179103481640895,0.036707063056239386,0.0009595512252733585,0.026824289037648885,0.05616139585605251,0.032258064516129004,-0.009052931270294717,-0.03931241559502319,0.015101123595505639,-0.01991773111063
2002-06-30,-0.041532943175382364,0.004294149221685473,0.04954984994998335,0.041942970822281156,0.05371069299034659,0.013765146115466864,0.042660590658136766,0.06568216480816824,0.053757097559177014,0.008430429689908037,-0.0038719669592152117,0.03846153846153855,-0.07350759581619815,-0.08006453856855777,-0.10838572567076954,-0.08325049701789267
2002-07-31,-0.03427220799684849,-0.12068412613575619,0.006354047528275508,0.01766109785202863,0.061155162854553025,0.01953559030502383,0.022752105431256275,-0.014157289890220914,0.022183344996500987,-0.04403111674894167,-0.03601969422130091,-0.0041507024265644565,-0.07928899338244977,-0.1504615772393585,-0.06018472539477604,-0.091443028824433
2002-08-31,0.028553946563328658,0.010089958667639065,0.09243591362545778,0.027829893683552154,0.039177959495098724,0.038365627943919955,-0.008119324485351465,0.005128784651894591,-0.007325255014718923,0.018737010391686626,0.019086021505376083,0.00777492786149403,0.004931042453193646,0.015663149566389256,-0.025256261227940446,0.0029504392507873067
2002-09-30,0.03589133452310134,-0.04248405343603323,0.04508149346896295,0.028901734104046284,-0.06157124387479851,0.01987642461545769,0.01384458602947869,0.0071696057149281955,0.015655172413793217,-0.01688584790182357,-0.012397784225797959,-0.02680346774834963,-0.11050262319142179,-0.18553388309040564,-0.039462272333044224,-0.1300984993719838
2002-10-31,-0.020865237366002987,0.07667169431875309,-0.10911403605795811,-0.03444707273802483,-0.015903118542015537,0.008889844994592888,0.03645560930962333,0.004061619839252684,-0.0016296598085150382,0.020352456661239415,0.02644230769230771,-0.009153318077803285,0.08650199477909659,0.12661680203842218,-0.06963882618510153,0.08674671327608463
2002-11-30,-0.004692082111436902,0.044478169507354615,0.013843193246011465,-0.005359056806002238,-0.0252339759931558,0.031073690519412445,0.01661291975809953,0.007098324624344565,-0.0038767598449295226,-0.003738990316171531,0.01040853499869887,-0.0010722533817221214,0.05702823078753827,0.04766073726239273,0.05920174693679492,0.03538337820355952
2002-12-31,0.09565900608917688,-0.07265005029618865,0.15901298065148173,0.20335591133004938,-0.023803824569802456,-0.009747645530000293,0.01465843519265353,0.05750728182134712,0.03762119349993176,-0.007223391225149922,0.00025753283543661354,0.03162414334076469,-0.05985911717719716,-0.09715117751329438,-0.06677356545641966,-0.05828521257555819
2003-01-31,0.05665112943707418,0.1310112088706763,0.09900153204078399,0.10425994627094792,0.010598299912816023,-0.02048868042738372,0.02078333053062842,0.02579277448988604,0.024873330262551896,0.03843598747271515,0.05509783728115325,-0.011285417000160058,-0.027587072052551176,-0.0588722004852259,-0.01583210603829166,-0.09664001147488077
2003-02-28,-0.0508992195453003,-0.023976982097186683,0.1174830553285584,0.08931881371640427,-0.030401063992307575,-0.04514207017361893,-0.05189262046501175,0.005581519143906144,-0.04231139646869986,0.024980198623042682,0.0383113714006833,0.014652311179470523,-0.01607890508637566,-0.05457539227227348,0.002992891881780757,0.027627818355033584
2003-03-31,-0.04057919199141924,-0.08516213560432362,-0.12874779541446213,-0.12602360948633407,0.013939349002743295,0.02695721967086495,0.000671326462109656,0.010151335865977495,0.005698578707428181,0.011442667776258686,-0.006345475910693232,-0.00223392372746134,0.008689329646228705,-0.034911303223976065,-0.05420862862116127,-0.003283374536464767
2003-04-30,0.007452953232718551,0.018259935553168516,-0.1464402093413647,-0.15295692382574844,-0.024241316270566693,0.023711025185986,0.022020520915548625,0.026680024660912682,0.013999066728884957,0.02804795627516099,0.042573320719015983,-0.006876699184391488,0.0814652880354505,0.13859696398095722,-0.018929932956487483,0.0831686238034337
2003-05-31,0.07453301276123536,0.07044069385841545,0.16207774178621026,0.09007326533544036,0.05621650991119265,0.008857177298532193,0.04408834659047023,0.05555388749605905,0.027085661692196172,0.04924897457518118,0.04627949183303093,-0.004347826086956608,0.05158491679323407,0.01744886542930102,0.0853544151145651,0.040144548999964114
2003-06-30,-0.052839931153184194,-0.04324975364064387,0.058337481333996966,0.04230363732208753,-0.06761035574594898,0.016415175929719084,0.0017899540677075443,-0.023808338607482327,0.01171349932791399,0.014547039514009041,0.03078924544666095,-0.005094614264919861,0.01164796342477148,0.04330050962507648,0.07506172839506164,-0.0128306559801864
2003-07-31,0.02253316372887526,0.08960860608834964,0.021117486595804813,0.05550638513086348,-0.07933337138291197,0.04209654214972258,0.1134368470404088,-0.020928792569659627,-0.025623181070479673,-0.03878633281868826,-0.033655868742111905,-0.007802974884174696,0.016443955998808546,0.03584844472069837,0.06545705098759758,0.030036936371872436
2003-08-31,0.05900124400213236,-0.020691103875643324,0.037262217309197876,0.09930522280785814,0.1331700865827703,0.07954575976192135,0.06628427439408502,-0.023146976979509182,-0.019089669501980322,0.017640650315659867,0.003918154114061823,0.033259605144589255,0.018704149067318765,0.019886771285824167,0.07275274843716328,0.009201623815967563
2003-09-30,0.024668568551770464,0.009867009867009946,-0.07757548845470696,-0.07224583197123235,-0.08893549122407107,0.06019953723285143,0.05429070714734374,0.06212154679300186,0.05725822466406316,0.026956175626895673,0.0513876843018215,0.04542931895663216,-0.012190888079910311,-0.06564044843221406,-0.01929066613081487,-0.01954277286135686
2003-10-31,-0.003766786767114394,0.14655904842820733,-0.003706734703701864,0.011510453370918494,0.122586843606449,0.04947362986534509,0.07004028761701386,-0.005163251988210549,0.021600300525920213,0.025887761784478158,0.04413281088884302,0.011451539511603048,0.0558423039845759,0.07484445904601555,0.04179899600450776,0.04653150535061035
2003-11-30,0.031727765904981275,-0.034735087069284964,0.05353691534596039,0.04482117974918709,-0.014807880895070125,0.04229799109139365,0.08829414845235806,0.03633034665205748,0.018324446895875424,0.017847837415320367,0.025873987754295724,0.0038239484141859847,0.007855818155879879,0.020886664374227815,-0.041990362867538544,0.011401502776870354
2003-12-31,0.04541108986615683,0.14394012090970154,0.07342689414786285,0.10213380751278067,-0.011048873847378737,-0.20578644309239602,-0.21089341613396684,0.048495134488443226,0.03839672604718336,0.002892614872648247,0.04274162495186751,0.017104870032865094,0.05110832208811833,0.04196035379682872,0.056559228084582136,0.02903840563325688
2004-01-31,-0.03429355281207136,0.09562956127841638,0.024652851954710453,0.03801552888978521,0.12295951980089304,0.0770498268512867,0.06101279310853913,-0.006381891879341239,0.024805842123565514,-0.02093011383939969,0.019017725258493323,0.016082837629433966,0.01756039753292593,0.033709479481576876,0.0008743806470417059,-0.0204972063531923
2004-02-29,-0.015151515151515138,0.1804609141719622,0.12259194395796857,0.09743539926170586,0.07327705620650882,0.03375751769385493,0.04665077559712505,0.0032114410089667533,0.025675828526184885,-0.007560352468846121,0.016488494292444367,-0.03230702515177819,0.012837140361557253,0.01578100025481244,0.029314696175499977,0.023553917641403688
2004-03-31,0.07676282051282057,0.010377480866519573,0.009657529158308975,0.008143754979198059,0.05610428260159872,0.052029908827568194,0.040028207603336474,-0.014421861065633812,-0.009925011027790087,0.020883681832510215,-0.0065953654188949384,0.04533572335499314,-0.016158818097876226,-0.0378675150084663,0.06422104866088274,-0.020068879148403274
2004-04-30,-0.0952522696829885,-0.11285145718320722,0.06099624751673893,0.09078935815260336,-0.011566469459201034,0.14639141022802749,0.05477190876350524,-0.02524798941191564,-0.032356872354644683,-0.04295859815248437,-0.053292661044320844,-0.055301514718491096,-0.016893477240732202,0.0,-0.01745680106335845,0.02217323237164126
2004-05-31,0.01645007402533305,0.057959479015919024,0.0718446601941749,0.0763905658858568,-0.05442909090909087,0.12649463300020924,0.06369906682895743,0.020055142983817387,0.032748201438848934,0.0056327046392514735,-0.0083396512509476,-0.001361367417939796,0.012887828162291282,0.0007288500168880496,-0.022095959595959558,-0.015128309317663291
2004-06-30,-0.00485515455575336,-0.05834074276725254,-0.07576345755693592,-0.08061621298235122,-0.1504430223972435,0.020521648446233387,-0.03243639533962117,-0.0008353311103114214,-0.0055171645118146095,0.02486431569660197,-0.020451070336391486,0.013707967282641675,0.018521153059591233,0.024733245698179696,0.05828645208890526,0.007362975657748461
2004-07-31,-0.004878842088144375,0.08280069726902961,0.17686384319215964,0.14690092728160087,-0.17238538422539285,0.0479871772886824,0.00018942884642947355,-0.013961012479269175,0.0037545530961053952,0.0018652336107269907,0.010146341463414643,-0.024729174449010127,-0.034631467756156775,-0.035854824077337755,-0.05716775599128543,-0.013641662203459193
2004-08-31,0.04739336492891,-0.019117252481889113,-0.028313951759212586,-0.11808510638297876,0.04683038888585034,-0.0048387904693526496,-0.04619652847804823,0.013324601916316237,-0.00781598928092897,0.014776914163704857,0.0067606722039790235,0.018231959552627464,0.0027219619829628172,-0.013251105757128956,-0.017654126998798425,0.014501085984412798
2004-09-30,0.01950382274925877,0.08979005675989904,0.17771111995347555,0.1655810213108162,-0.13563785320180577,0.012241364267833621,0.0013738622703074466,0.022210431079637827,0.00967814539725409,0.040990967874371176,0.03856485034535706,-0.007974721637074689,0.009514533336940856,0.016071135730034047,-0.019947308995107216,0.021850009445249174
2004-10-31,0.021273339455157636,-0.041917670682731,0.05000389843282993,0.005933489719884166,-0.014604187823395676,-0.010170592798371625,-0.03208068941862474,0.028961588628317436,0.01604993312527858,0.03471819963272904,0.030297432107888378,0.03716062490520233,0.013677214172130858,0.03146650407378848,-0.011040706605222717,0.007517870347547584
2004-11-30,0.05035216544282939,0.08311501178936331,-0.05197891141308386,-0.040603566529492596,-0.046473965745693624,-0.0008506761870952229,0.06272770561332397,0.03908938041650489,0.042507678806493976,0.028550669398256234,0.03604088219472823,0.026981573559520244,0.03870660709092344,0.019866359901015818,0.011163964663624792,0.014984709480122316
2004-12-31,-0.032672278499072616,0.012940678478563061,-0.1295005352340669,-0.14433800400343155,0.004915079773545994,-0.020681656677795313,-0.019266939328418498,0.01956256535378187,0.004682485400115732,-0.012333097865737108,0.016095534787123666,0.0014951940192240443,0.031901986238026314,0.022939976474733115,0.05942780337941622,0.018770714070503125
2005-01-31,-0.037315634218288984,-0.012058981553339954,0.10347620047389094,0.1653438048291418,-0.0378479424342526,0.012143947535956157,0.026424135531271764,-0.038350009462355006,-0.015395894428152479,-0.03159881812212728,-0.00817577925396018,-0.012441347931181568,-0.026368801440540657,0.01560399515603983,-0.010874490258269143,0.005944459231656429
2005-02-28,0.03171441703692346,0.04737446371381959,0.06036802478867109,-0.017636937195296687,0.08852101242913801,-0.013678942206891698,-0.025754227243790506,0.015337248055864228,0.023454951600893503,0.006077996924678697,0.024386055297956455,-0.0101504571305161,0.018832232675190408,0.017699792700202943,0.03380668804397624,0.02507790909625429
2005-03-31,-0.020641520641520583,0.0027115906075116936,0.056316005331692676,0.14494234418333085,-0.043766351255531966,0.09616854953456877,0.03126411135017393,-0.021858060159683945,-0.015694018604167748,0.01884589927191782,-0.022464375523889246,-0.02749090909090912,-0.020266237856835012,-0.00013436309207093267,-0.01107763204537393,-0.011041959445894367
2005-04-30,0.01152388172858232,-0.023360184119677774,-0.12436603654541489,-0.11429117797042332,-0.03532434989388633,0.04293837617370522,0.0043993406140530045,-0.007708779443254765,0.010823082202629175,-0.03881362138410838,0.013205282112844996,0.019817529165420344,-0.021539945346407352,-0.03163869747040937,-0.05735280939152254,-0.02372252189548163
2005-05-31,-0.04512067156348376,-0.005125486037469096,0.01751468795033828,-0.026196473551637234,0.03981180836260023,0.03866939377762857,-0.004626257860022243,-0.04425434330290712,-0.04544030084612982,0.0035268817204301417,-0.030297901150981743,-0.03571166678888327,0.029138889609435115,0.06258603845641453,0.02424184808441865,0.03502257604562731
2005-06-30,0.04348508634222936,0.054657428791377916,0.06449504303301001,0.0614145295986992,-0.03920518997183242,-0.028844821214081162,-0.0637546889814089,-0.017806954282902687,-0.013077259794265661,0.02128284881585074,0.007680223424681332,-0.023574144486691928,-0.001453500583920797,0.03462416482523367,0.028587339892333308,0.02867146916166785
2005-07-31,-0.016699262825334737,0.089051094890511,0.05416538737079124,0.12776772037320705,0.06411259833118854,-0.0018255011208695437,0.025465192433640205,0.0008234575610559514,-0.017630426345844663,0.002206235011990465,-0.0017322016282694808,-0.016744548286604433,0.03450567942785021,0.04065032440483707,0.03077061902183731,0.02909993861949678
2005-08-31,0.005354957160342622,0.013507939781398193,0.11820101453848197,0.3512378835586838,-0.13883763837638374,0.04233436193154061,-0.013787662484033292,0.015639677195965485,0.026750945312940866,0.030556087289433487,-0.003123373243102523,0.012752475247524764,-0.012330115249164386,-0.017427925436425795,0.053488575680644246,0.004636030906872701
2005-09-30,0.07807030893319111,0.06669040594160136,-0.05129039960061643,-0.04523439641780136,-0.0508113898579885,0.04542999614225107,0.07390738856206824,-0.02660536833009275,-0.02149178255372941,0.020467157352155763,0.014099216710182771,-0.028937900829031804,0.005146786346605259,0.04795224033893941,0.09489778959614426,0.03003562176165797
2005-10-31,-0.011434217955957116,0.04830940912776005,-0.09446783197583963,-0.23774885145482394,-0.04500602418825983,0.018264665443919803,0.010281851442702328,-0.0033220748056344007,0.005111785192674967,-0.017974767067496344,-0.01750772399588052,-0.026498067010309212,-0.01984270031132218,-0.03521734008717159,0.0015179113539769418,-0.029526579161099353
2005-11-30,0.059403112951592174,0.09830770630515873,-0.05616614871522785,-0.09059517830236063,-0.04085087355073613,0.027598147775317106,0.028093917248090294,-0.018300999248476058,-0.022802213155982853,0.013808922510165633,-0.01065688329839276,-0.03201787043931503,0.03409451846403311,0.04253459079564936,0.08548044862079407,0.021786080665190832
2005-12-31,0.040571505593745893,0.060224495713043114,0.04743548559802968,0.11632723507076292,0.06939726939726931,-0.014114198837008707,0.006786425198079815,0.0016586569131971096,-0.00583357163282805,0.0015312010786969754,-0.006003884866678466,0.011538461538461497,-0.0033382639410914905,0.03376745057622044,0.08545099134320022,0.030674522444450236
2006-01-31,0.0993523316062177,0.09133882876899646,0.1000306685749337,0.020037105751391504,0.013903593448340468,-0.03610464145754022,-0.030660160206242515,0.025249094202898448,0.035782085946039155,0.020297329058610147,0.03268786640611121,0.0014364174059990908,0.02291085447349639,0.03260554316892361,0.027270388474401885,0.022532683927198205
2006-02-28,-0.020148462354188768,-0.01682477179165942,-0.11051995725105712,-0.20292227476658176,0.040770258441977125,-0.026859861948391517,-0.04750239961606151,-0.020527332965212475,-0.014384893085254147,0.001140607876903843,-0.018234990538448348,0.010715491056361826,-0.0007769822959033945,0.019432729315421948,-0.03650137741046833,0.003835643911855424
2006-03-31,0.031024531024530955,0.13060258510831968,0.052030821470549604,0.1786719403666237,-0.01152325306893287,-0.06320796822652719,-0.08581325775468429,0.014981748481389223,-0.010593936661782877,-0.028348673040836547,-0.03451901173996841,-0.020869855580599395,0.00810118145535621,0.020073958956653648,0.06946520241731102,0.03361470456021176
2006-04-30,0.11558199206904596,0.319721757052686,0.057700424559922636,0.1180949922560659,0.006164639152175466,-0.013533154419081539,-0.011430703869560355,0.038588646967340434,0.048809659414511763,0.042889987354868486,0.060435571687840195,0.031119447523233035,0.009783395774958237,-0.0021058939709815983,-0.004982379389962377,0.009060597274572313
2006-05-31,-0.018400418191322543,0.1253050268423621,-0.027604985798455384,0.012813113240216945,0.00903453596012338,0.045753831669427925,0.08331542665327052,0.013436727053947495,0.025739885962530407,0.015090221668632386,-0.00941297278795139,0.0052091946419712265,-0.03343855956974173,-0.04197838912266616,-0.07498778700537367,-0.04946962622416984
2006-06-30,-0.05080413249547333,-0.05026564024720792,0.027278213639106763,0.06086163665374977,-0.06699795639325457,0.05566922919528805,0.06993325649341964,-0.0031068601583114086,-0.011752872041929208,-0.01484417417743511,-0.010884588804423001,-0.019741712593567384,-0.002636990443933729,0.006833562148775618,-0.01148666490625827,0.01486258407436325
2006-07-31,0.028613105924595983,0.06409114779551106,-0.00845964046528025,-0.0032767511817790584,-0.02844311377245523,-0.007595076906037557,-0.00879847680128265,-0.003109925957294757,0.010339101087480707,-0.013601842972564726,0.030742358078602594,-0.0054543928841152,0.0017545561862255532,0.009014499489207628,-0.004207292640576954,0.015612976890808428
2006-08-31,-0.0195265626704485,-0.023624581580980242,-0.07441640004739891,-0.18647264888170312,-0.03443354148082056,0.016631697599410744,0.049887779035910684,0.0007832256951127992,0.018822905620360597,0.023611840561409858,-0.0030503304524657215,-0.027927775902801266,0.018531821300294737,0.03112113430060015,0.04211655824559046,-0.0021263075569458723
2006-09-30,-0.04728526924788612,0.0013185943783926568,-0.11962616822429917,-0.1475985425637628,0.058455956460391034,-0.02327559945440527,-0.025816950980533826,-0.0116728678777267,-0.01800676554774916,-0.01278356367764899,-0.022947475777664428,-0.010068570436594038,0.02179236237132609,0.022946121915758955,0.003089001866271923,0.007568150089397374
2006-10-31,0.004320915566974337,-0.033250663915896594,-0.09338917488293619,-0.08059376700085485,0.2219101123595506,-0.06100165218661835,-0.02253732744858672,0.004710871913942594,0.018760930626954275,-0.004456436399022379,0.0393180236604036,0.005699254712845381,0.028059344971731237,0.02530279311197159,0.015846538782318564,0.025718313967621143
2006-11-30,0.06511627906976747,-0.05453142026879776,0.04083793147696646,0.11563820794590018,0.16582894993181374,-0.02817626323380673,-0.015796046943181707,0.03593398299481021,0.03038027363054674,-0.018149908917225788,0.019919651824573004,0.005579773321708892,0.014272889807557476,-0.0027442723861108576,-0.008841732979664063,-0.012939615129396231
2006-12-31,-0.022816593886462844,-0.10154636699803099,-0.04919093851132683,-0.06629792392786771,-0.0006461459621448506,0.01762499769064485,0.03815625208711171,-0.00555129304508728,-0.004897258544958816,-0.021177908002805612,-0.000656491055309405,-0.031472169238772385,0.009616886449338446,0.03305412189412538,0.06276283930164395,0.022424969987995036
2007-01-31,0.02122667858339855,-0.09631985461154025,-0.06395669227527645,-0.06532500202872671,0.03523772364974076,-0.02135314230385188,-0.028761740748438736,-0.013524552963601777,0.0033485540334854402,-0.009766302212154132,-0.015273443915256979,-0.01745591263091928,0.010151461574728904,0.015393735642718509,0.009592901253072661,-0.004673116663535537
2007-02-28,0.022207635926047464,0.05672374530506019,0.04979914115528472,0.1254558083000521,0.046658626407942716,0.05999078634524002,0.041587266001569256,0.014170040485830038,-5.056634304201335e-05,0.004108453844088755,0.016677785190126748,0.016490524781340943,-0.023562958533276945,-0.033166890724025344,0.0037413148049172396,-0.004671463961307132
2007-03-31,-0.014661815068493067,0.14318099129607353,0.03635284027182184,0.10560826969065795,-0.14006316937417052,0.055565926565471546,0.007650765076507637,0.007886823755087313,0.0020733249051831937,0.013507073196247887,0.02739501312335957,0.00053777897284224,0.006938479808202169,0.025207079435075386,-0.011122944030292237,0.023822504563017155
2007-04-30,0.021722602367763688,0.12720640438710307,-0.0483829895594603,0.11770862405805205,-0.04907579111084526,-0.0026085562856811295,-0.007908227663747325,0.021057707764025047,0.016098102543399273,0.038776937986718885,0.02778221299696626,-0.01845382065752932,0.040001483459427334,0.050558009765171,0.0025726935503171955,0.022365252824597226
2007-05-31,-0.033592005953013704,-0.045283756488499916,-0.0507760235483008,0.015294337973656313,0.06125838229558522,-0.011273279363443467,-0.029218189558570917,-0.015579345088161278,-0.009585299230196243,0.03632469195777932,-0.002174926207860861,-0.02172127407136981,0.029890238422970672,0.04280597697588018,0.03729784567643368,0.02187599076045088
2007-06-30,-0.023759762402375983,0.016356522134765017,0.0925717104799495,0.030804230201672445,-0.13547989377845215,0.0011208469119268205,-0.013120753271367303,0.00481046019216258,0.014191154347608093,0.005241737870490759,0.02475478748248472,-0.01548651926485678,-0.02093432314894328,-0.01159837573219391,0.010010355540214011,-0.001639925538515996
2007-07-31,0.024450704225352116,0.05738970835105328,0.1007901951298178,-0.03161348046525503,-0.05648346223465528,0.05199385343980634,0.04822637076384817,0.010536166745183984,0.013844252163164539,-0.0026495962015389285,0.010331206320267405,0.03269212546195388,-0.03530177322271011,-0.0483514831820151,-0.057245386192754655,-0.04286348501664827
2007-08-31,0.0038495380554333103,-0.07334730424842839,-0.05039554644008204,-0.034246997228210674,-0.003241043528813159,0.00498870557058817,-0.03051255439099143,-0.004668216438925787,-0.008436966593513895,0.009149451670492192,-0.04541353383458646,0.020829510001835194,0.010088716181538171,0.009367408488203388,-0.03238475016615305,-0.0059834411744240645
2007-09-30,0.09992330448120956,0.07152320906432741,0.12070348657821661,0.049301613623317975,0.09311481146656542,-0.011669896538213154,0.0011006961023294348,0.04491366651476025,0.01514853433012009,0.06054862317695986,0.08884688090737258,0.005483146067415623,0.03220678541875355,0.015312224072604463,0.011489228847955113,0.02097477893656219
2007-10-31,0.06036457814523355,-0.04587801394248192,0.16752932107262808,0.1396790663749088,0.008043431864262152,-0.06790493844357048,-0.04884428468150048,0.015179782903663508,0.017926356589147208,0.04953581889490133,0.05135995370370372,-0.009207938494546819,0.011054619100862917,0.027032580736304768,0.005370701895178742,0.035123400365630664
2007-11-30,-0.016439643024894313,-0.09621271366327788,-0.051524512462565064,-0.04202666666666666,0.026835690939646106,-0.0030031669760839375,-0.007690480589058191,0.00916500590713265,-0.010947168015230768,-0.05438772421100424,-0.052979221136645216,0.03392583235586044,-0.04582159624413151,-0.025878023509235848,-0.06791108927913547,-0.04245314259222466
2007-12-31,0.06198662846227321,-0.0450690993596875,0.08306399482870064,0.10338492372786989,0.13345532803257765,-0.024140942750655037,0.004180895541441965,-0.004363507361201391,-0.03460057747834455,0.009694362463108508,-0.00537634408602139,-0.010035779736451755,-0.011181817519152593,-0.0032422876466638995,-0.03339920948616604,-0.004495780882556422
2008-01-31,0.09991905746919683,0.08452855589499308,-0.03895507655579267,-0.0687723901306827,0.09911886760275146,-0.027883950777737754,-0.050661072972285726,0.018433179723502446,0.0031902696774837036,-0.014654591573857734,0.023228634039444973,0.045751057827926545,-0.06616882781803568,-0.13596405691724034,-0.10556805016015813,-0.09002061187151156
2008-02-29,0.050695012264922346,0.1653577140674607,0.10996990397936268,0.06193107932379727,0.08229805633424014,-0.015201789089229534,0.0005356545028456505,0.021942202733591376,0.0007453416149068026,0.022404344109809626,0.04226156482010279,0.02166399730253743,-0.03497872541976832,-0.03757883933172368,-0.02163974398049373,-0.007151583019444185
2008-03-31,-0.05929961089494162,-0.006227211274529965,0.008284914998924142,-0.023215470177049946,0.01931586844947386,-0.09091862772019998,-0.06867764170514623,0.04023188538106459,-0.000595829195630615,-0.04380710709824642,-0.015616438356164442,0.04117161716171602,-0.0069613729692586945,-0.013142232586541791,-0.04408099688473521,-0.02371126092640541
2008-04-30,-0.06121773659827934,0.019066661169971466,0.12246291751147154,0.1080756372753866,0.05478668541959686,0.04692569814958114,0.06524511829270474,-0.007629861225385337,0.0059618441971383,0.025231693393266807,0.04091288616754807,-0.04184166732704653,0.04683059434078829,0.05227357310363678,0.0964640703927,0.06805650370214789
2008-05-31,0.025467042650687333,-0.07645785715730502,0.12206947692658732,0.15476358836562487,-0.0212279875192235,0.06952558175723444,0.03446938396937549,-0.004034954869306273,-0.002074278941129881,0.009751986515771804,0.014171122994652396,-0.016458522868249115,0.010457979225684477,0.009617474230538159,0.03157972952890464,-0.00916957569202026
2008-06-30,0.041247744263985586,0.07709323463063145,0.09474183654449009,0.04837524493794909,0.2072657917442442,-0.03576754731622156,0.015464953893136402,0.015511490712529774,0.008512323072354722,-0.022783275704463368,0.00672291062483521,-0.007063572149344166,-0.08686307034553653,-0.11555538673217014,-0.0646834257725275,-0.06932142414092546
2008-07-31,-0.016670793100602488,-0.05691453669249069,-0.11794935298123943,-0.12783770102410352,-0.2036546650015798,0.017204848667748074,-0.04334448160535109,-0.009869715384951738,-0.0027971341642948344,-0.005195676708930175,-0.013094146916328375,-0.01897018970189701,-0.01092490725342199,-0.002075827348429038,-0.01478629187524061,-0.04294740209538528
2008-08-31,-0.09475451112043654,-0.07300560586459681,-0.07107258177734099,-0.03995892490400921,-0.04146237778092676,-0.04317929668305631,-0.021166270451685065,-0.059521575467220034,-0.08134442202647507,-0.03768397383483235,-0.0870372827384901,-0.00966850828729282,0.012235501060582576,-0.0005929609793419166,-0.03189244117876966,0.044958217270195
2008-09-30,0.05451511218245897,-0.14999767409405962,-0.12870744700948356,-0.10965911733246525,-0.16201486212130167,-0.06093815102274147,-0.05268270939648334,-0.029332018733054133,-0.011034926076708862,0.004365235308487092,-0.06830402557767767,0.02693514644351458,-0.08942611569684733,-0.08046565484506885,-0.09858700040371415,-0.12443354480993762
2008-10-31,-0.18454369614911204,-0.36470105349569026,-0.328722274018343,-0.39702272133716376,-0.17640278970209466,-0.05285786023347161,-0.07646043963998739,-0.09855740163002724,-0.09722673599826681,-0.11690495325916828,-0.1559819060988925,0.06756642050759698,-0.17258056971794755,-0.15796210824283607,-0.2334288785381584,-0.11955793703951767
2008-11-30,0.13940700808625328,-0.0981608304259809,-0.23343023255813955,-0.21405058905058905,-0.1295481807277089,-0.06836157371429419,-0.06225464901337063,-0.003219423857272141,-0.04559908801823964,-0.03170915709683986,-0.015154315283681385,0.032042617476345736,-0.07444006014901583,-0.06431758351769223,-0.04697359196073847,-0.02088592274974932
2008-12-31,0.0797691143073429,-0.1451905626134301,-0.23637972443433197,-0.16719938278408464,0.11278627206509606,0.025624734456185738,-0.018256411685217966,0.09761464185983915,-0.04224555227258442,-0.004081077404434752,0.07355976731094027,0.050616332819722665,0.005863454796428025,-0.00270780773244228,0.05321235899950949,0.03224439343104368
2009-01-31,0.04784856717202701,0.041513018214325736,-0.1717706781437952,0.146638433033351,-0.06880334950096556,-0.03166959938887892,-0.04858632800028373,-0.08167506528855706,-0.00781096160157535,-0.0019619773751723413,-0.09194196818737976,0.009826208110288226,-0.08610325103530347,-0.09020290853222435,-0.1362048894062864,-0.06514301354865204
2009-02-28,0.015221209333444952,0.03524489029558486,-0.07848101265822782,0.014196675900276956,-0.07585016781711096,0.017583107657286323,0.009694474895038496,-0.006882555958317549,-0.008335538502249218,-0.03183905042738244,0.011549566891241536,-0.08249219374046923,-0.10730469217174066,-0.119789202448629,-0.06522911051212943,-0.07224418093983309
2009-03-31,-0.020924293599143384,0.19888071302725674,0.07945344129554655,0.022419483327642986,0.12743905572781933,-0.0022910479422995067,-0.020997511023139293,0.046152398365239655,0.002334889926617789,0.0063099185236592525,0.08258801141769756,-0.013375544123466532,0.08730536782875342,0.05428113060880224,0.12788350634371404,0.033491124260355054
2009-04-30,-0.036516617585191535,0.11380532503457808,-0.01667671287924455,0.017698130008904744,-0.02651492129095001,0.04588751952249148,0.009792235617182454,-0.0016577354562626878,0.03287853577371047,0.05578187855181649,0.05097556688345928,0.0032889459329374926,0.09468395328778945,0.15662404894501525,0.06327495845583542,0.08286575823504716
2009-05-31,0.09807003755130572,0.0732275214404905,0.2729873314262363,0.3028546428962047,0.08116503035884315,0.018924693028172568,-0.020014643038579916,0.06560858819894966,0.0889876925059605,0.09052532265673197,0.09683893627696949,0.03685935875909507,0.05517827886791982,0.07074556822959766,0.07369559990382313,0.043602396898131834
2009-06-30,-0.05392078892953733,0.02889065663870416,0.043766720171214635,0.011752854264607038,-0.20335802041376128,0.012058070273446964,0.041853125262058644,-0.0055142839886451744,0.020414201183431846,-0.05913018401233405,0.013266239707227845,-0.011181369524984719,0.0015289613729836393,-0.025492431439609886,0.03179935057664318,-0.03218833383997022
2009-07-31,0.02765635507733699,0.15470040414689845,-0.02245232725035895,0.06206438765350142,-0.04231528968304288,-0.004620237284490458,-0.0035342411625678416,0.015243809859283086,0.013627138300956965,0.07653313842453979,0.03581640331075997,0.015441004445137851,0.07537278106508882,0.09514184512397228,0.04123711340206193,0.08487471208208275
2009-08-31,-0.0023721881390593724,0.07237422771403357,-0.020555846879916073,-0.05328124999999995,-0.04212239336941315,-0.04628359278504579,-0.039080628579820864,0.005329999341975311,-0.025228832951945224,-0.01552815436168109,0.012930408252215697,0.019583749328008437,0.035809792118324246,0.05310853154821249,0.007295466388744121,0.07485684874219922
2009-09-30,0.05854378484749101,-0.002667801901518385,0.004711425206124886,-0.034906750288826616,0.043224022125642136,-0.0036851326043617627,0.0018111235079245613,0.02198050672981955,-0.01637420036387105,0.026073414905450454,0.04790590935169248,0.032690569448629025,0.03712163870679852,0.03867502944441625,-0.028867046042421074,0.04163050309759675
2009-10-31,0.030751355538342295,0.04843345380040409,0.08323563892145369,0.10961949551090222,0.06394864414482648,-0.017879881154499233,-0.005225218353102745,0.0055312310773671935,0.027625298329355674,-0.010895017562117859,0.022310429783739316,-0.004376367614879584,-0.01899259350318072,-0.05055990798411425,-0.008842957596420176,-0.017699115044247815
2009-11-30,0.13504170737205978,0.06600982547566692,-0.0037878787878787845,0.012406565461971164,0.0958796831894635,-0.032949520362409945,-0.023633156966490265,0.017996317355907898,-0.001219299773558502,0.021383399642696643,0.017405275137233778,0.043003663003662984,0.059772563516180544,0.031217678017337436,-0.07051488767064384,0.039107289107289
2009-12-31,-0.07282838983050843,0.05336728198599605,0.0016295491580662347,0.005936976708783792,-0.007194828818294141,0.03119924984538036,0.005254146770545365,-0.0435015073090268,-0.01621904429717491,0.010784418929069561,-0.013686011317278535,-0.0717145466039194,0.018800437494457478,0.059908012856034754,0.14744998265294318,0.04005629838142166
2010-01-31,-0.012210796915167244,-0.08786347924874904,-0.08760599487280618,-0.07226089588377727,-0.13993358307840786,0.026741837374339328,-0.006992351383235507,-0.03272439671269378,-0.00986822667375753,-0.022177397951058997,-0.01147431621080719,0.03147699757869238,-0.03622999177909958,-0.07739280915559599,-0.04736948195928237,-0.039731514561004655
2010-02-28,0.03238632256198937,0.06884672461310148,0.0874804128167721,0.07560557866405682,0.05668093200190194,0.021997776479677267,0.028536136331450468,-0.017595091571938837,-0.046371449033182244,0.016795865633075113,0.016196517748684025,0.015771713615023497,0.030818171782958315,-0.004737402815241376,-0.0053956834532373765,0.036527621195039384
2010-03-31,-0.004971640641411645,0.08206475926017753,0.047152936500049814,0.05368516833485004,-0.11311313113131127,0.08033719052149468,0.044902049277512734,-0.008003904954410834,-0.004067839038738419,0.036293551728188156,0.02576703413467918,-0.04939698129558756,0.06035825545171347,0.07616493577480177,0.10392511434953722,0.060555797259082
2010-04-30,0.05939479239971868,-0.06225368893776928,0.019976275207592042,0.033822682786413205,0.05893933551176156,-0.0015462439583846521,0.00721820803959039,-0.014950983484525393,0.006535126303883532,-0.0017310307876190478,0.011912469247701729,-0.0048621134999619064,0.01566287183253756,-0.04919342465173615,-0.0045288109462323645,-0.01835756223880225
2010-05-31,0.027434568885346122,-0.0742541598455787,-0.18105694082620027,-0.15870806069887233,-0.04329659798754193,-0.06496077124250044,-0.04358760039248477,-0.073942669774829,-0.05137969783993024,-0.03263696792039972,-0.08253358925143961,0.0343537674631651,-0.08027046083199241,-0.04477188374668206,-0.11683283322040461,-0.058192075639250884
2010-06-30,0.02547358893127294,-0.05521537162162171,0.006475800954328648,0.018120139003805935,-0.015205545316131164,0.0426561077535621,0.008686202389275532,-0.00708150647985506,0.03211582757486031,-0.011149996799043826,0.0019525801952580135,0.02546313381061327,-0.05314213826587777,-0.02494975679375533,-0.04000438404208684,-0.05246956377048728
2010-07-31,-0.0527078998802093,0.1223321041457146,0.03651653685517542,0.03372612759041038,0.08269422462721487,0.005971667017322213,0.03821262553585836,0.06581091810723083,0.0492890390869094,0.03286683858994133,0.07349665924276172,0.02389520656398436,0.06988862246857463,0.08376647429233741,0.019180271720516062,0.07469195422483699
2010-08-31,0.056039933444259615,0.011375233354075975,-0.0942009256738362,-0.09905660377358494,0.07994814174589449,0.00043571769676131744,0.02827950044628924,-0.030033915583524307,-0.02303111327175489,-0.03532066483499263,-0.0134854771784233,0.026781948544917666,-0.04552157714995353,-0.04593639575971731,-0.0775176431051865,-0.008306326425011612
2010-09-30,0.04745698619776895,0.08353022248474118,0.09870754433423512,0.1005235602094241,0.12862536318875395,-0.029995679562938915,0.001983062808750935,0.07701895156672123,0.025129066368103414,0.03888804660934353,0.09266561514195581,0.007872937632641852,0.0891339703191707,0.04968509851505165,0.07407407407407418,0.06692480913934196
2010-10-31,0.036642599277978416,0.022463998546313535,0.009793729824369324,0.018791627021883972,0.17397872668413727,-0.012546740469613793,-0.007775688296321248,0.018634705966984244,0.019476973484618743,0.008245337892070381,0.01635991820040905,0.035660915636462454,0.0378258313190043,0.04027654690673699,-0.022837761447145333,0.02378317160433463
2010-11-30,0.019443960763828372,0.02223703210041106,0.02730819245773719,0.07058915090668538,-0.08976311781080926,0.07752831877077981,0.035861070295363895,-0.063294481767603,-0.027734793476967057,-0.004807493486621794,-0.0157415078707539,-0.03784351019872767,-0.0002158234564126893,-0.06581969034743307,0.083882911026264,-0.020565681961030813
2010-12-31,0.025449783648371582,0.16246522948539632,0.08001054852320677,0.11478627507996508,0.1562463935372187,0.02265553526276176,0.018570674780201468,0.027908348903530333,0.0014691478942212566,0.03266188096697453,0.06974506974506967,0.02985685071574662,0.06665887135944182,0.05349283760131862,0.0296754910333048,0.06984624072695556
2011-01-31,-0.06223974237965679,0.002579825020563753,-0.0059090687112370865,0.026018910987936072,0.04848348741749953,0.03824315848545856,0.005261068763917853,0.024242308281034575,0.028178484107579616,-0.006569218232850171,-0.021582733812949506,-0.0107227958697379,0.023543498975452826,0.062277206961627085,0.0,-0.010173232880656635
2011-02-28,0.056483126110124404,0.00538877493939971,0.014295539398702983,0.09114020592347782,0.09225698204362365,0.016212263326073506,-0.01008559707136214,0.008256897872261026,0.015456869389453676,0.03167594936708862,0.02527573529411753,0.003077746554261962,0.03391799375520055,0.016849383015983932,0.038150528716566434,0.024070393173995397
2011-03-31,0.020286931181349388,-0.04204454830393756,0.08761563423257623,0.07246039142590854,-0.05163961215818713,0.043981177295112195,0.07925551333883218,0.02908244245579561,-0.012177272993384558,0.0032097214315160993,0.021402958314657328,-0.016475453575240162,3.187301789675523e-05,-0.03192585476573262,-0.07819053325344516,-0.007645513290884587
2011-04-30,0.08090739316708784,-0.03399674746379622,0.062121482009262596,0.09841407777536393,0.08060884549109693,-0.05363366909320866,-0.06302423623596043,0.045058453561226175,0.04041960528655264,0.024842228853774184,0.06220515633571022,0.024075957951848137,0.029330209877133306,0.03718976394551876,0.023182753764489306,0.025236141589543015
2011-05-31,-0.013313684638447065,-0.0003607503607503393,-0.1036853800679216,-0.06769185126582278,-0.01189577641468309,-0.08294196817354116,-0.07524602877466968,-0.029758349795562022,-0.015038450583879315,-0.023103948674864427,-0.024375129105556725,-0.004635761589403931,-0.01158047111462035,-0.028415343889114708,-0.02615140285865536,-0.011190731003675847
2011-06-30,-0.02214554256579282,0.020510044508601055,-0.0761062774815231,-0.02147971360381873,-0.12662994362439217,0.1101511133211781,0.05219019527042157,0.010541330776424385,-0.022959921346365153,0.0063328251436611804,0.01058649163667158,0.012641383898868819,-0.016971187356582762,-0.0044798203990000784,0.013481191563383454,-0.00444695418931329
2011-07-31,0.08400484542055087,0.04601088387261543,-0.002227735304541567,0.04319783197831972,0.027014708418537037,-0.007424988024212875,0.0176308918510375,-0.009664099335227161,0.02314431158991348,0.009458882026181836,0.028703121726377567,0.04415243101182664,-0.02053059273422564,-0.07212780351797932,0.000965458056211066,-0.019994327850255122
2011-08-31,0.1229229423768341,-0.06584903179760715,-0.07601359922870043,-0.00529952719904403,0.13059697016948335,-0.04041116281985002,-0.028121750638056442,0.0020226513292129766,-0.011281457911483828,-0.02372385661785925,-0.024236252545824954,0.006040775232821538,-0.05490349186208243,-0.1313197708780981,-0.0875576036866359,-0.06887570539719301
2011-09-30,-0.1143129110418829,-0.2503166656613789,-0.10994563128123458,-0.10592844084617392,-0.22801005739504987,0.058572828216851835,0.07563515607089011,-0.06644749656194104,-0.03785839672322999,-0.06161805281828936,-0.08912544353997065,-0.006755066299724666,-0.07089067327635923,-0.06169840714717212,-0.01914493774958892,-0.05024605024605022
2011-10-31,0.0634098680996582,0.15227827392925142,0.17418399457024747,0.05111877081264238,0.09197850674069308,-0.017526647847347476,-0.033017283695455535,0.037643280288804926,0.03308398710697569,0.051140957921597785,0.09566911090742436,-0.012783375314861511,0.10946126199562789,0.09776229652620616,0.032810441863249995,0.08800109080992624
2011-11-30,0.012725101065784505,-0.0204585127429302,0.07803468208092479,-0.017674522009782034,-0.07153284671532856,0.008531844473613104,0.03193379465120638,-0.03477270096208329,-0.026608583034084976,-0.024775967311707503,-0.027710969361079085,0.006059832876188054,-0.0026049276548137934,-0.007210410647702337,-0.06028985507246376,-0.008221169511491988
2011-12-31,-0.10483102744386474,-0.039015349522406484,-0.017109432122837,0.03349553015729323,0.06331327260897868,0.0022262283954654905,-0.01739839608536098,-0.035261589738410204,-0.011732688237072852,0.004179599864777561,0.003226500322649928,0.0065939639868120015,0.009810733210001699,-0.01333167516478051,0.006539173349784155,0.014935934696353126
2012-01-31,0.10894902199250023,0.10303135199287916,-0.005504860146796187,0.08534983028577692,-0.011600188662409083,0.04292824167562426,0.02972814523513101,0.009095072956880168,0.016094486261550633,0.014455496046926752,0.038379073756432236,0.009511211892164306,0.04451518241277275,0.0556290806423152,0.040205932826673285,0.019596613545816766
2012-02-29,-0.016724547614695662,0.02147452422048368,0.08327930982895326,0.0734930643127365,0.02324051743038802,0.010929271024473941,0.00914138764857153,0.019336013487226023,0.010780534810889142,0.014852879065183844,0.01693165393351226,-0.061895551257253434,0.042991039895875494,0.03334865644197427,0.10393589441432938,0.03692578210857933
2012-03-31,-0.024444650989869143,-0.014044635607540212,-0.04202918565575653,0.016586786956113153,-0.021275791224996565,-0.07918131377569815,-0.07931486963632561,-0.0005343443467640263,0.005064648751712975,-0.008006420991091834,-0.03401015228426385,-0.02068506817425997,0.032788007913559625,-0.009734876277522009,0.05476088812980362,-0.012364869638945786
2012-04-30,-0.0046208079268291735,-0.0011128669678827086,0.01254204709274398,-0.035544256990986844,0.00037346589226139315,0.004694384977968147,-0.01721989272853708,-0.007268422459552615,0.015058098174057344,0.010688136168852447,0.00966894377298999,0.037965226840532385,-0.0069476677791776575,-0.059677720473267803,-0.07013460176095532,-0.0025277817522773027
2012-05-31,-0.061450107681263466,-0.12117025780431823,-0.17768496986379378,-0.10845394421547017,-0.12456230690010295,0.009813101972175442,0.0289341310653084,-0.06600374416576904,-0.05040299030487094,-0.04348642531700608,-0.061829915686478554,0.018386442452397844,-0.06045880135919157,-0.0669892973476035,-0.10448410970831523,-0.07463899780051642
2012-06-30,0.02559787874152253,0.036256687203671145,-0.02152709643908357,-0.009890877815406096,0.20650255867301937,-0.034117754668836486,0.013032110466541402,0.023448493626485156,0.017713266498554647,0.016232524979076457,0.053811161655386686,-0.01914674890773571,0.041235973688574346,0.07886791950950278,0.07668935342732142,0.052705006975662716
2012-07-31,0.003579774275344283,-0.02258324973697723,0.03173292438362618,0.10744340083609316,0.28321571782027366,-0.08468416102824017,-0.00912744821282152,-0.02802873297249442,0.00024173566205343278,0.014875142345859738,0.029479890503263828,0.021682169527053707,0.013271752402187253,0.02160406316645913,-0.056439778756067316,0.015044421538310537
2012-08-31,0.04518206589051266,0.009211975568238717,0.09221358335238983,0.14712226688891072,-0.017239086660841063,0.04310397111655773,0.013064358584762292,0.02184683752190897,0.012808893722433767,0.018273806542102866,-0.01503374923297196,-0.00314162980060273,0.022184134302329905,0.048339899724271884,0.03313793515970809,0.01648976039072525
2012-09-30,0.0511447125183675,0.08706220855243574,-0.04773619471342583,0.022479593145006138,-0.05439310324831603,-0.018728987177689338,-0.030545698024773915,0.02129872234677621,0.016345522877766472,0.002548234437568242,0.007475859204651547,0.004309235914587095,0.025810372474793786,0.015424016575062538,0.0072950440018526574,0.007611617230798506
2012-10-31,-0.03088924963924966,-0.0640031031807603,-0.06854284614961803,-0.0595193312434692,-0.0006643431690190882,0.00796779421759819,0.009828162554907927,0.008165937132202261,-0.0005869577977343221,-0.015858996251153057,0.0036071318149024645,-0.022670509125840455,-0.019172293680138286,0.0179386176212204,0.007357167490516181,0.008923302093907015
2012-11-30,-0.005118421664882966,0.03456766046659032,0.025256697745780654,0.05413092751433268,-0.00964449353624608,-0.016660269510461845,0.004247286455875354,0.0025447128344033842,-0.006401597462853181,0.007807981492192084,0.0067775723967962165,-0.03210798768101697,0.005508980292842081,0.03324053452115816,0.05648750427935645,0.01899904068883229
2012-12-31,-0.021514428698377053,0.0006833337260538919,0.026246114884309835,0.008010455752772039,-0.0724030031084445,0.03965566351235883,0.01457447967745451,0.014974388496739044,0.013772313512235401,-0.0009004106268242218,-0.001223990208078396,-0.04935346286642761,0.008301427961409535,0.016662175998275464,0.10088572045798228,0.0025716975499987527
2013-01-31,-0.009559772477415018,0.021781105773759135,0.05670218732473353,0.0941068216989418,0.0605085613769456,-0.032122442076779834,-0.03038826088123958,0.02801804705124078,-0.02384700600548073,-0.0021985857745558945,0.007250816993463971,-0.0523429710867398,0.05158775732866272,0.032120935853537036,0.06936813186813184,0.07044866362824354
2013-02-28,-0.05048018918005881,-0.0538335676261148,-0.0611963271588557,-0.03608700638403595,-0.04269502503753009,-0.050486977246438136,-0.022209145349440962,-0.037781274882913274,-0.04294588460160076,-0.031145783706526875,-0.018452803406671325,-0.014203051025775792,0.013392217224220682,-0.027418576226620583,0.03605835397742907,0.01572562528081467
2013-03-31,0.00996188055908509,-0.04101614828165712,0.05076888285843517,0.005909181043029843,-0.011722776620243347,-0.014305904175837103,-0.004212777105149446,-0.01912413420124981,6.241028521514203e-05,0.014137316368553643,0.02117549839892563,-0.01509376429333753,0.03590745293503517,0.000966295813246365,0.08652143110166488,0.008994396933058146
2013-04-30,-0.07744954959488692,-0.0673558021994769,-0.04207467986656632,-0.10231036114177572,-0.037016899501781,-0.038085423364287,-0.01990159411839998,0.026751076154541087,0.02383924113829261,0.009475321736670983,-0.0027311349382965755,-0.0352941176470587,0.018875653463028996,0.040935610816285495,0.11630939766892157,0.005114715767938094
2013-05-31,-0.0545494217761292,0.03295117235369416,-0.018535160638058823,-0.01207782511309241,0.01845941118856942,-0.02695841533427279,-0.0007109537662411958,-0.013903715636989444,-0.022308911373887574,-0.027438658287635587,-0.0739425905264226,-0.031530808729139936,0.02308247021359433,0.029590626678694276,-0.012996495327102786,0.029763635608357708
2013-06-30,-0.12150934687283643,-0.07273733885212619,0.04738468581893107,-0.009913754779052097,-0.07593876927602472,0.03551225894987131,0.013082144542451601,0.0025522589788340433,0.00218204488778051,-0.01208972116472884,-0.041511500547645075,0.014911772015574698,-0.014589934878614819,-0.05422193783378049,-0.005474182571386321,-0.05617297646180841
2013-07-31,0.07204781295153029,0.019959058341862734,0.09703857501912361,0.12096448295990303,-0.0881665136210591,0.026597220081979733,-0.004822747891391477,0.02426653926951694,0.002488335925350027,0.025350205697026507,-0.014169809164667035,0.014284548200147018,0.05080486399918982,0.0646893816777605,0.00037191312109485786,0.065243407274437
2013-08-31,0.06328493536727309,0.03484417684116625,0.03282199422253207,0.007850991387943207,-0.0045922066761553415,0.0014747823476433108,0.010563532410674537,-0.009820396010504107,0.01644430654669571,-0.02596268118518219,-0.00950504230902971,-0.004265250281667465,-0.029306699276518966,-0.016639048973746018,-0.020150197040672224,-0.023692499047083926
2013-09-30,-0.04949297073058301,0.027825665337786853,-0.04137531947726292,-0.0868804896466755,-0.0840257918307884,0.031112176953082438,0.010160965077917306,0.023765276756101184,0.04481074481074465,0.022890096253115333,0.049736688121708506,-0.0005657479996767911,0.03032183594186333,0.06810488380763036,0.09318561238427692,0.007561747421197307
2013-10-31,-0.0024853003576408295,-0.006761537856749711,-0.05704512299411446,-0.010228509249183837,-0.030013401469743628,-0.007377096839840558,0.005678331346505194,0.004802813616795909,-0.007946710295664294,-0.01053135959546514,0.016387959866220658,-0.0013747371825975074,0.04584276972004031,0.05847558591932067,-0.011384145494932718,0.043398458212668745
2013-11-30,-0.055906660184735,-0.031214543919364623,-0.04155774873299545,0.03218997361477571,-0.023760722690351455,0.005154752403476293,0.003317621973458973,-0.0003700939034869677,0.01943691836494299,-0.018566792025140444,-0.03597674673686524,-0.040408130212972626,0.030270394793676436,0.008173548304835077,0.09366661985676172,-0.008561041397912583
2013-12-31,-0.03849124613800203,0.059755964702037145,0.059890905042858655,0.041240627130197716,-0.005878693623639131,0.007404736408866741,0.0027963228354714875,0.014871987951807109,0.012710885139819661,0.0006403997774346859,-0.017066788030492663,-0.02700421940928277,0.02410406336819615,0.010780636720453485,0.03601694915254239,0.014785900165602106
2014-01-31,0.0310617217833713,-0.058750963762528974,-0.011921016699926401,-0.05920621931260228,0.02842526829573533,0.013474964477723228,0.06764962180626721,-0.02204909416929457,-0.007816065723413979,-0.044075371928572915,-0.018173399699039305,0.028620988725065022,-0.0350376358465746,-0.033088552543016236,-0.08669517258474313,-0.03568792011500954
2014-02-28,0.06596545903129458,0.006525775447793869,0.05888918416157307,0.06158396033575442,0.054016641567410595,0.013427798825602633,0.03239981978334816,0.025062593257631383,0.020010350181128178,0.00623401709964555,0.022871964159396407,0.005059021922428464,0.04559801792017382,0.04086513790533819,0.0029854797123083365,0.04907629389366819
2014-03-31,-0.02862711657936412,-0.05083688251091878,-0.004617778447020937,-0.01712483100495721,0.08307115023812961,0.0225114229190575,0.004775126335296198,-0.0033985492943846562,-0.0050171937538755484,0.002443254327505251,0.040456431535269566,-0.013926174496644239,0.007546863588411945,0.011189182932423325,-0.004735489108375068,-0.02607877402876735
2014-04-30,0.00946827188362187,0.005458858498385233,-0.008320306590691384,0.027010128798299338,0.022865975535005134,0.01883479703793478,-0.002177936122266577,0.006968813630652937,0.013144475920679799,0.009847124748381564,0.004541929766257002,0.010634677556576433,0.007237972508591151,0.018399888074413617,-0.033238172920065256,0.030720694074731325
2014-05-31,-0.038698055779862184,0.03172256964184195,0.0368148072816028,0.008766589553147464,-0.102602850368672,0.048475387235422884,0.004125662376987194,-0.017012593498583306,-0.007046191701151949,0.010192867147936546,0.0030877812086456125,0.003956562000168251,0.02316246241763853,0.029478250371548276,0.029459326443085132,0.011554722323187772
2014-06-30,0.06099767381752397,0.028405333921093234,0.034428641490926726,0.03472138402735858,-0.09087477861974858,0.07980276515517737,0.08278990287358479,0.004545596648638517,0.02055643162874521,0.017417551943342158,0.015061565523307063,0.004108670132483505,0.019939249633986744,-0.004953658023712837,0.03278240677503064,-0.009399171662537564
2014-07-31,-0.030816077953714882,0.008572882899777756,-0.0635311966622415,-0.07181740415273352,-0.1474627151662249,0.037128565118250245,0.04371866877088748,-0.022338823119343654,-0.012802825451134203,-0.020840977471196842,-0.011805480342250707,-0.01578288100208769,-0.014216387413158893,-0.03842855807564605,0.032998280650707645,-0.00423825887743412
2014-08-31,0.003581751916551301,-0.02762504316413006,-0.014327663021466264,-0.016379707594989745,0.003015489501976054,-0.007830396095449665,-0.03750132027328268,-0.019188530173868235,-0.018670691486388113,0.0033832614211839473,0.006466462078035917,-0.012133039199049622,0.03987521829026264,0.023528069278266894,-0.014403687343960025,0.01781126576939296
2014-09-30,-0.058856677728382656,-0.04840604256016601,-0.041347783656068726,-0.05557921635434415,-0.12063041529728113,0.08545092249638175,0.055267094449032994,-0.03880980663252376,-0.021532326972372506,-0.02909824258138871,-0.06141783730806927,-0.05127544447307408,-0.014032849625259192,0.012544492067817714,0.050792413613925724,-0.025015540527812852
2014-10-31,-0.03306499900206228,0.013118989522032498,-0.1091405915130732,-0.10944757609921085,0.17459441094028705,-0.005827935612133794,0.015751737726451776,-0.008313074014046573,-0.012749607032659926,-0.005385207165622519,0.008237614572456309,-0.02326634075683498,0.023405911369885235,-0.030283505154639068,0.056434664359006126,-0.015147124171641546
2014-11-30,0.002752167331773858,-0.06519891193471605,-0.1784446983821496,-0.14391330767672672,-0.0016451531257908325,0.010409863163921118,0.016568959199948274,-0.007497497429332145,-0.02299799504658573,-0.013546961325966889,-0.03084004602991952,-0.05431457966447306,0.027216562050897064,0.044429959207704206,0.024106254753964107,0.034664051005394825
2014-12-31,0.007341841635789548,-0.007183777393834689,-0.19758418740849193,-0.2014077842186207,0.021223041124169395,-0.05030804098700792,-0.03353598744851927,-0.027087850262096036,-0.002353935296958043,-0.014214664964043333,-0.03799572548088348,-0.01009507007742827,-0.003211569342012832,-0.03514324253588619,-0.0020567902645260983,-0.022297220431534592
2015-01-31,0.07949049792248486,-0.11714599743542775,-0.10610345771371221,-0.024664839641507896,-0.0680024824895824,-0.054379124511220844,-0.05745985433485434,-0.0669887165021158,-0.03321435053542243,-0.08329072211806143,-0.044433473216489716,0.01970297029702972,-0.031177350118169134,0.06617785141073407,0.015572221904162076,0.02813869604002628
2015-02-28,-0.0516784452296819,0.08043711311685153,0.013063890589916305,0.1547691373025517,0.04187595129375943,-0.016081256405547473,-0.0037763515439982465,-0.008941731355016191,0.025406758448060174,0.013572977998140612,0.005424954792043524,-0.018739683464413903,0.057451236147481266,0.07556216607628641,0.06595636732623045,0.031914291642303416
2015-03-31,-0.025284450063211117,0.018020036488173297,-0.07737255692121703,-0.10167039326581617,-0.043224192399700434,0.09786885591370664,0.06803925004380584,-0.04054363245321002,-0.03814231661174172,-0.010639598874892853,-0.02325282631038028,-0.002176924599248009,-0.016355470184457932,0.030357727719349414,0.029668411867364686,-0.019466632546747298
2015-04-30,-0.0006826404532732644,0.052097088599635244,0.2088884035815679,0.15571010248901906,-0.04450891323433992,-0.018095415681779525,-0.017237324933418674,0.04761450533377842,0.03483281517670189,0.04763906056860323,0.04156254110219648,0.00376834589448638,0.008854555549173915,-0.02099020951358388,0.014278376990241481,0.030031317575125005
2015-05-31,0.00539654347974583,-0.054926336550817356,-0.0047872820883387845,0.011401786279850334,-0.04027006511925213,0.0363606913558181,0.018407741490314766,-0.025122920966371254,-0.004230533415082727,-0.028423437241900107,-0.03131708549059231,-0.03764078245406044,0.012989723980225909,0.007052949431615385,0.05271419890621831,0.005121708442674899
2015-06-30,-0.015151515151515138,-0.043636363636363695,-0.01996732619350161,0.01565729316715725,0.1821587645173377,-0.03689312016469992,-0.02115673578668409,0.014476848716931112,0.02918539498799344,-0.003108871212581188,0.009777082518576563,0.013858946720049392,-0.020855189209441627,-0.03504284526982493,-0.012650921160228923,-0.060571140480391916
2015-07-31,-0.0663677130044843,-0.09618118697305333,-0.21485460270420453,-0.0964420053030769,-0.12084932568048179,-0.018628570149521018,-0.022038259937591786,-0.016587259572966362,-0.0072988333831887076,-0.045267940893420455,-0.05318874257681372,-0.01417577966788175,0.02141897095189571,0.0467994743133775,0.01256942414498674,0.02464829225284637
2015-08-31,0.034138771890933395,-0.00885279484928303,0.02819061099315867,-0.05398211970245004,-0.020727360115352145,-0.02803706343549539,-0.018676332087102843,0.024434579767356635,-0.016754052913879325,-0.0062776721575033,-0.02167984728661032,0.02362366474938371,-0.06159357512468089,-0.09386171480451677,-0.08443995381062352,-0.06567527123082684
2015-09-30,-0.015291175419792857,0.0015132501660886089,-0.0938396237237582,-0.07726157841581305,0.03331356469457436,-0.09605298665947026,-0.10774009294858744,-0.006853957398847088,-0.014894269077536104,-0.012917142820456862,-0.013658536585365866,0.008729680915111393,-0.02608387560381653,-0.04790569154057511,-0.06815912554522041,-0.027087629381969514
2015-10-31,0.02351063057833258,-0.010060807075732536,0.022787694644891943,0.008990696583535351,-0.014190151994933453,0.10195995716649908,0.0824902216427641,-0.015205772519189309,0.020470383275261295,0.020956097560975717,0.01851066836230042,-0.00656520441659203,0.08644480311531266,0.09844940845672578,0.07500563952176864,0.05008642686640874
2015-11-30,-0.06664303438496988,-0.1180105725560272,-0.1302141354127987,-0.03564233689756713,-0.04328361205356246,-0.10679317178606029,-0.08140725306225682,-0.03932942971937581,-0.023535150295713625,-0.02066610605713115,0.015538290788013276,-0.019725643336337195,0.002891018506291143,0.027918012357275757,0.04653236806211303,0.005153831079756976
2015-12-31,-0.004785415875427246,0.04225054870842482,-0.14942365162942928,-0.03495098826932341,-0.036260623229461775,0.02549740377482901,0.03362484921592279,0.026852654870842985,-0.02166718701217607,-0.0337869483763531,0.00983606557377037,0.023289070480081664,-0.017545344675968355,-0.0631664791696247,-0.04837335204772164,-0.01633751194120059
2016-01-31,0.05327430926576082,-0.031871380553193274,-0.12297139032959681,-0.1318791108150862,0.03692816861541148,-0.040940786153109254,-0.02322646116766569,-0.004364985397426802,-0.03338013786060767,-0.013276421560046714,-0.029356060606060663,-0.008285086843681455,-0.05182894724245868,-0.06631794529012403,-0.04888327012220817,-0.030799722525022277
2016-02-29,0.10572463768115958,0.029699656989877088,-0.07096528042731776,-0.05754291742591344,-0.050059845032862316,0.00572531878092275,0.02220086621689199,0.004288987370874464,-0.022911852096401453,0.03713104351741903,0.011289198606271755,0.07287367891293406,-0.00026250694128926444,-0.046154934736281295,-0.10511741249446171,0.00856833193595219
2016-03-31,-0.00026214037617144914,0.023683782905427497,0.09117043121149893,0.07235168413554494,-0.015407060279846951,-0.010062260025597292,-0.018891895668966097,0.045335417357394325,0.0325043924854711,0.041064708823452145,0.0770396912899669,0.0014072614691809093,0.06819903250891235,0.029746865822740665,0.05341007550439403,0.019708029197080146
2016-04-30,0.04444444444444451,0.043731894122782666,0.1605193827625142,0.10058834693490226,0.09950159400116743,-0.09549076976428628,-0.07337097275458404,0.004644278475468555,0.01668957392499526,0.03464226583926289,-0.008189379398592433,0.05321341577665373,0.003654086147562685,0.02120906502135722,-0.05322836496093064,0.01620536069354972
2016-05-31,-0.05887152450888089,-0.08231626173909734,0.0530241608561699,-0.0018106570098292973,0.03318087148282767,0.05701449091944566,0.05902903938064208,-0.029225172133858557,-0.009978112527359362,-0.04501368122740157,-0.04928396335956664,-0.035580857498665686,0.017483291493380237,0.022781122789836905,0.07285138070121011,0.0012131410569979906
2016-06-30,0.08462820940313454,0.04673516738481931,-0.02864182322143516,-0.07644467478621397,-0.11043696515741419,-0.01903383479828724,-0.02732179145443503,-0.00534270759129063,-0.08498601989726251,0.012599291369805199,0.032975980458678444,0.0698210662239438,0.0019904735012430397,-0.052901058508026955,-0.0762334432297993,0.04225214485332929
2016-07-31,0.021888834235120447,0.0118350221659278,-0.15250475586556744,-0.13000374111485224,-0.08482370975983655,-0.029451147496257657,-0.015757378428060798,0.008461909729249983,-7.106310403637295e-05,-0.005570713960891371,0.022464529689963042,0.011552720062074417,0.03731884560124543,0.03715301576422214,0.034124350385073,0.039545480114755005
2016-08-31,-0.033935018050541554,-0.0693580565661307,0.07463524130190802,0.010642872500537637,-0.08287815891049444,0.019625756864021682,-0.046099241902136434,-0.0031263267590412314,-0.008812451140643995,-0.0058686787851073285,-0.010664268277013944,-0.01474473706639401,0.0005745155586829309,0.012052223548508323,0.03451198837490921,0.016396103896103797
2016-09-30,0.004359740906826115,0.06401849516603608,0.0656222802436901,0.10466971598766084,0.06736546758781325,-0.1050623038833367,-0.054323717045610564,0.00609416137525165,-0.01183050118305018,7.666653888915853e-05,0.020779220779220786,0.018252595155709317,-0.0011750776708535637,-0.004746338218429513,-0.03722345780170899,0.016539778878063682
2016-10-31,-0.033424283765347784,-0.0024493343341366325,-0.03838614831754328,-0.025902744342802153,0.05344211883741701,0.023424927949802,0.03196528435656876,-0.025714439646878584,-0.05717602670149469,-0.023074859136034354,-0.007506361323155075,-0.03491631976892362,-0.018747604745055768,0.019699181524431175,0.04972644376899704,0.010422304079886757
2016-11-30,-0.08013087829601595,0.18819056671022927,0.038899269577034046,0.045472518782127436,-0.03957249464441248,0.12348999136572103,0.06947200094761485,-0.03481427646027202,0.02085577959058038,-0.00026157125855008623,-0.027047814382771485,-0.08292253521126747,0.03714889075592098,-0.004914103718954954,0.06891359740560565,-0.021286153633504945
2016-12-31,-0.01890082298786433,-0.04842849048428477,0.06703727926749514,0.1161119515885023,0.010049512230991597,0.015768822643930758,0.03661913332410349,-0.007120699956621013,-0.014248021108179576,-0.002276265354979712,-0.023056653491436152,-0.022077174121712506,0.019446086480569225,0.08112345928470388,0.021562466139343428,0.049200296578752134
2017-01-31,0.04940641217032771,0.08858143607705782,-0.033711308611707014,-0.08810572687224671,0.02201028926422044,-0.022708184386431296,-0.006744574290484029,0.02336182805892384,0.018889568675436008,0.032386222088190086,0.052191503708698406,0.03327444051825679,0.017107930726410592,-0.010085076479119492,-0.004719983029274455,-0.0006393754311577737
2017-02-28,0.03509009619292769,-0.009266707423018716,0.013954963526799702,-0.011148272017837302,0.018900629229490873,0.018732843024102275,0.03284926717762526,-0.020653601089066664,-0.014786459506117233,-0.02049862199474184,0.011535503716995743,0.0037047591906527177,0.03879661653976596,0.023464463459025975,0.009218308733415004,0.03123158515026514
2017-03-31,-0.004646596858638663,-0.02266896170959054,-0.07350641226149512,-0.026399849680571186,-0.025401412225303566,0.0767814937984983,0.017282230872378346,0.007032464488110568,0.009599268627152435,-0.0002074608093565189,-0.0020273694880891258,0.006151807685027544,-0.00021139414438220427,0.05911673553718999,-0.0025343189017951184,0.01164081632653069
2017-04-30,0.013676112827930798,-0.02216462300202715,-0.03241053342336264,-0.09022483836726813,-0.01250567896511312,0.1269796563200083,0.11860046966681814,0.01855693679860182,0.032523392695442244,-0.028272400689950183,-0.020949720670391137,-0.00188129056532782,0.00900648141371252,0.01982491648174789,0.011592208342155352,-0.015186482255539646
2017-05-31,0.0030485827333464055,-0.010534901107863703,-0.02808792742498256,0.030123037759864246,0.015012833551261595,-0.04211539290177102,0.012189959729086652,0.03067214087533876,-0.00496967039391949,0.011811496523282505,-0.005965503825703489,0.006502685891998761,0.012814881381750576,0.015152653763911061,0.022866412014023396,0.04786798203926468
2017-06-30,-0.025995861355406102,0.04554197005083105,-0.05205528630407463,-0.046643327841845106,0.002433322200486643,-0.030474968061561802,-0.044374869311149645,0.013887700243520928,0.008373117884685977,0.04103571993879607,0.03418134377038484,-0.019569288389513106,0.005077010611588939,-0.02625256569871126,0.018006957233476673,-0.027133540809783696
2017-07-31,0.020116850351878934,0.06658563826292618,0.08483241810263209,0.11999135975807329,-0.026891956211328005,-0.011831409376043878,-0.029545521748129855,0.034316584302771735,0.013183771578410663,0.04039380155341288,0.04150372145830716,0.02034189666698505,0.019413709150650105,-0.00318948954345033,-0.00296482412060306,0.009307484567901092
2017-08-31,0.038268792710706157,0.06409190304598233,-0.061790888462209814,0.12709739633558326,-0.07229151381755927,-0.030447589265870878,-0.05850736445682181,0.004340148974685931,-0.020992092020129305,-0.004043307230456428,-0.005692829457364379,0.000842381130662595,0.000807738758645371,-0.003199694936994124,-0.012297767249634606,0.01677098762482676
2017-09-30,-0.02827054472513002,-0.04630969609261937,0.08093023255813958,-0.06776180698151957,-0.006985817472452083,0.06154839542842372,0.04334036686559051,-0.008731430935267626,0.035614627698634216,0.0024456156225927117,-0.013034474357412673,-0.02366033853923133,0.019346802888439596,0.04948842256087804,0.04944634382813695,-0.008505639097744377
2017-10-31,-0.01109534253644695,0.04940819423368725,0.045955249569707535,0.10012848751835546,-0.026732857256630105,0.037745891169207235,0.09002196111517824,-0.015470486098173475,-0.010281500389987874,-0.033386599007062756,-0.02345099975314724,-0.011973180076628398,0.022557793401674076,0.026798377583076016,0.09185062724885729,0.018816057633063155
2017-11-30,0.00136986301369868,-0.018826999826479285,0.051176567385222915,0.00759155752064733,-0.0035731820413507087,-0.03682135896721994,-0.0530889843772232,0.019437611172084868,0.017194440464249672,-0.0007193155144998853,-0.011375126390293255,0.008919049927290201,0.029248517472052704,-0.03072365172546232,0.02948118459140514,-0.018546086093536807
2017-12-31,0.025470653377630104,0.07716567925251283,0.05118973074514721,0.02947507865540655,-0.014042867701404282,-0.0530258541735763,-0.027401624022551196,0.007647587297580305,-0.0014790815607830243,0.02931110690155969,0.032856047046791126,-0.002978764293264047,0.00951585252056164,-0.019980755080092782,-0.004369079032746415,0.05008531883966372
2018-01-31,0.022106466776775413,-0.03179641537830069,0.0738644825018615,0.043670580665916114,0.030623577100338695,0.017212682826517334,0.011111248439604982,0.03080766028309756,0.04740071947520641,0.01783917748386621,0.030573090729050678,0.030840400925211897,0.055962195065151876,0.03533352812073187,0.01603232533889476,-0.022388733411573547
2018-02-28,-0.018769422001242986,-0.026085973490094005,-0.04437664678962705,-0.08029590814518006,0.0334042725142103,-0.0020658220171141384,0.002842020340308782,-0.018521166025705194,-0.029698969627584337,-0.04138138862102214,-0.03374969973576747,0.02150336574420364,-0.039370693194271444,-0.04661381252091967,-0.04327560401967068,-0.03227444824083481
2018-03-31,0.0027235875348365912,-0.03415554265815446,0.055579741692062035,0.042312526183494015,0.015067386147389117,-0.0921035555682167,-0.08988243611387059,0.004581108934254896,0.01624097723486928,-0.00622430118073114,-0.013300186451212004,-9.152480322172085e-05,-0.02812459162301817,-0.01779832239366963,-0.02248245653242753,-0.020770711070820735
2018-04-30,-0.006127218748025909,0.009434245711023692,0.05705251580973347,0.054019292604501556,0.009399316880248643,0.045887968092487075,0.03436614813872363,-0.01905286662993344,-0.02007922414970631,0.004061645915578449,-0.01902242378432839,-0.028192219679633812,0.001515426827052302,0.05227745810584472,0.04965706447187923,0.06670348053466735
2018-05-31,-0.015190034320579748,-0.002916927106586975,-0.02171933931590586,0.014871873093349475,-0.016842640885383564,0.008963602241400581,0.0022399896416664955,-0.03484745462070604,-0.034638974073041506,-0.009300215492798025,0.004879928085270269,0.004050108316850265,0.02209828475218356,-0.015885173837751565,-0.01354765638612998,0.028152501598708746
2018-06-30,-0.03846402065182308,-0.03931460640616147,0.10728529646370655,0.0012775231081387783,-0.11122324871257416,0.026625479053786094,0.02669706932969862,-0.0039666434385744465,-0.008952422207782695,-0.015582268015009837,-0.022875399361022453,-0.022326454033771093,0.004554862484334787,-0.005965957158810209,0.0031795098255684717,8.88533475498221e-05
2018-07-31,-0.024028458285791143,-0.0453359020570504,-0.052947532717013024,-0.023491444010807494,0.03546367739117784,-0.0132136616259948,0.010783672236762687,8.456919682320319e-05,-0.006556421650761313,0.010970409613645149,0.005623855610777051,-0.010746497793129972,0.03509329940627648,0.04356810452532289,0.017960117973323975,0.013341625575644445
2018-08-31,-0.021800426380578886,-0.06226605474725777,0.02560851926977703,0.01552532472523227,-0.05747546607429066,-0.0003098166211724651,-0.004805238456846217,-0.010946941160191348,-0.014152672875265893,-0.00455016040593581,-0.03485498764468731,0.005237633365664518,0.030171736829526452,-0.03692116981193616,0.00864864864864856,-0.036210071017330425
2018-09-30,-0.008717660292463458,0.05019090593543907,0.051545117428924536,0.05244834632558848,-0.02395656194993878,0.057686159627843736,0.0468896588819534,-0.0007927995149930034,0.0054299315679855464,0.009565630497027744,0.00606387279342413,-0.024604399845619462,0.004119618065337116,0.0027707492878361606,0.07361200428724546,0.013675783855903845
2018-10-31,0.015744680851063952,-0.05205579058699106,-0.10673562948160342,-0.15957140802531278,0.019653991930553616,-0.034482652264967384,-0.015987286642012766,-0.02794890942468664,-0.022194273877339632,-0.01948415322785768,-0.020760782212697504,0.0023741220694430964,-0.07125457966135251,-0.0561468695637487,-0.09715677661528632,-0.050151066439319214
2018-11-30,0.0043290043290042934,0.043269063142847175,-0.22239768390577697,-0.19543082056986394,0.009232890674180982,-0.03637862133075209,-0.0014571329694547108,-0.002952874050718979,-0.003480366195051654,-0.009611393587215966,0.03228012583777873,-0.007204184348169385,0.017428264778841518,-0.004695390143259481,0.026803485337697275,-0.01996693173765851
2018-12-31,0.045050055617352536,-0.05614597954682177,-0.11186325943476061,-0.07125385515261085,-0.007306858347937206,0.0249624568626865,0.028005618148321476,0.009366422139107877,-0.0017462607243187156,-0.025381441948791883,-0.0361733138995628,0.03240556660039773,-0.09309222246285187,-0.06022775079015208,-0.1132026706870558,-0.03517200379195651
2019-01-31,0.02920436402341653,0.05835280787479635,0.17740091463414642,0.04706286499484702,0.004009455133000328,-0.028410358913653067,0.01314816676820052,-0.0031249751512789636,0.027456647398844014,0.03719580203448136,0.030932086884795096,0.004814172925091453,0.07953087988907503,0.06319228959179068,0.04910866080536258,0.036570743405275774
2019-02-28,-0.0068515286665373765,0.05817999330879897,0.056319792846738936,0.1324365704286965,-0.03769929965727914,0.0022803005336236026,0.028109237810573395,-0.008096164890562196,0.010437486120364214,-0.0015028826844594168,-0.024003200426723548,-0.02481793790724418,0.029673474047751558,0.04204738067562275,0.03143809612001114,0.02506265664160412
2019-03-31,-0.018093068662544676,-0.004078535521198967,0.044430825800521045,0.07503621438918384,-0.038432951378135516,-0.0006410171247890339,-0.036681411155464305,-0.01668636864410178,-0.021098901098901113,-0.016504690601928163,0.0006831534362616853,0.003046084307752883,0.01701310806268852,0.021297757640013737,-0.002199578040131045,0.03125195912481993
2019-04-30,-0.009876052230397114,-0.013079365079365135,0.0619040633709842,0.11929572403880706,-0.007375438822506464,-0.048226766503484675,-0.03991724186712731,-0.0019463844681790743,0.0010477473432120021,-0.0036676913334299233,-0.007236482796286192,-0.0076410658307209944,0.0390274981176173,0.05642008873018445,0.05119668886089612,0.022189124289492046
2019-05-31,0.015330030793948346,-0.090935409161091,-0.16480176820002768,-0.12784911717495984,0.1779039584685269,-0.11910398770863895,-0.07086241934196558,-0.007055063913470994,-0.03259569377990423,-0.010288801493663846,-0.01622885435290866,0.025172754195458946,-0.06647298387361211,-0.05542663077400756,-0.08713515364204405,-0.02991465699247675
2019-06-30,0.07826201621942386,0.02805987049290537,0.0884882566986438,0.08815680500598133,-0.016940748698454633,0.027981813208811213,0.01236974434540139,0.01585258171795445,0.004250386398763295,0.03302025634850536,0.011044317069760723,0.003370245546461259,0.06817846529958471,0.062474372833339675,0.04533520862634788,0.04072280293044783
2019-07-31,0.008071419836125582,-0.017519102361120753,0.00045585777237500125,0.011585623678646906,-0.05766644250168118,0.03416110746924783,0.01989439262706494,-0.027871649065800197,-0.044016929588303055,-0.009143893278072635,-0.026272123893805177,-0.011612284069097978,0.01290676873701102,-0.004911763673999259,0.0025563977216664924,0.02259104899636233
2019-08-31,0.06369040397913373,-0.04533193203713437,-0.05726002430133659,-0.09638856378532024,-0.09553969669937556,-0.0549985271580864,-0.08105236885387535,-0.012400872406387542,-0.0021733880705144815,-0.010156331695074794,-0.017466628798636807,0.021458394018836868,-0.019280652146388744,-0.004064193747936651,-0.03296949091885126,-0.04710744991863125
2019-09-30,-0.03695255474452552,0.01056841950754106,-0.016755276300950528,0.03543343510037933,0.04934740441200636,0.09265740474039141,0.055525377458354175,-0.009188983373524584,0.010487253952888187,0.006206504945395874,0.003035120682179704,-0.01910646387832704,0.01778609023800848,0.041174672137742396,0.06753943655456363,0.033687996856391456
2019-10-31,0.02842254855518722,0.023058208359054477,0.0018023922660985736,0.05334167262330225,0.005169496835641274,0.0409140479990755,0.06277834592419107,0.01952194297133203,0.050694555324924284,0.004553985065028687,0.019020172910662714,-0.0017443550731659485,0.019221825065129705,0.01434537075102238,0.03813320622264582,-0.018612471671905828
2019-11-30,-0.032300783049285964,0.004152764960602129,0.01799149492966956,0.00534396471286791,-0.049527787301686166,-0.015774391851574365,0.03137571393096583,-0.0133768898940404,-0.0015196413646381135,-0.009014423076923017,-0.018806561085972784,-0.014658770993107528,0.03557421985940068,0.02662420770355922,0.02638059857244235,0.01641786597538797
2019-12-31,0.03421193550306412,0.050899579371531445,0.1086118251928021,0.060327370907863775,0.01705253492490333,0.02143776105461659,-0.0021789639688444273,0.016877780419058075,0.024427364736321566,0.023360666543623454,0.037757601959936604,0.005024630541871966,0.026854964701822137,0.011128030228823693,-0.007564358046280861,0.02742436679174487
2020-01-31,0.03837302957082045,-0.1000975412868722,-0.15492753623188404,-0.11474496697700332,-0.01676662152576247,-0.05922280847657069,-0.04542383514706949,-0.01449372161367879,-0.005645520725003683,-0.019581068198799456,-0.0474934036939314,0.0003921184197626104,-0.0021666326567358896,-0.024133558004497346,-0.027578576404540422,-0.03753477423496687
2020-02-29,-0.013352540306942329,0.006054943001308155,-0.13548276453438524,-0.09905617977528092,-0.04361513740407952,-0.03527189362677663,-0.10111095663603853,-0.007107760081328518,-0.03167488420738096,-0.01270596273618374,-0.02668027409243323,0.003527682508574159,-0.08467613393721762,-0.07557193351883873,-0.07479983143699953,-0.09545831851061304
2020-03-31,0.016734052111410547,-0.12285915963889005,-0.5473120412616543,-0.6013169709667765,-0.07468111370182406,-0.07460581196841176,-0.035207603942576604,-0.0027474168309142843,-0.027619194568739402,-0.04752525319740741,-0.05826842420611156,0.00048823357094041064,-0.12560537262040095,-0.17360715645470426,-0.11514461398314735,-0.12229614577870995
2020-04-30,0.061084723296144894,0.03583227445997461,-0.273444347063979,0.20920920920920927,-0.08456236567108877,-0.0471923315542736,-0.06652141597563299,-0.007922723500372153,0.0117423040304665,0.010982562038900134,0.061873707650707876,0.0014639859457350468,0.12948983387755564,0.0627753954471888,0.06197560096772525,0.04428595433244342
2020-05-31,0.025036435561107684,0.03475629702322536,0.7804583835946926,0.36072019867549665,0.017972797927461093,0.06712778297635613,0.16056360017173432,0.012686174570731179,-0.021957340025094085,0.010227492605799249,0.02097064110245639,-0.006139752460773806,0.04806214444924972,0.0646288371403696,0.09587513935340031,0.029821393452881262
2020-06-30,0.027827146701873806,0.11764008535525172,0.10162601626016277,0.10083650190114057,0.03356131700334042,-0.018471075048086982,-0.0333817614377766,0.011633056274696907,0.005291853752405373,0.014611322406764105,0.03609154929577474,-0.0020592272994706118,0.019219964639074272,0.060308765286874566,-0.004024945818037029,0.02121490946337734
2020-07-31,0.08784150980682792,0.05112611816285417,0.019987699876998777,-0.006631666206134201,-0.07467682363804251,0.08900892147700468,0.08023742093507091,0.04851418469568136,0.057345669165736135,0.014940265904371364,0.03582554517133962,0.020339982313059002,0.05606181405952171,-0.01797700440152694,-0.017896793676170142,-0.04244938204443838
2020-08-31,-0.0036786411735318936,0.06145514480809977,0.05245703949351799,0.09179415855354645,0.08727287846659193,-0.04297266338269368,-0.023865964107651183,0.01186643436930468,0.020743758014633684,0.027434568885346122,0.03390293916609699,-0.0013482280431432736,0.07216309390049336,0.035352117383602444,0.05308614062853256,0.01274722153179697
2020-09-30,-0.041981949129364704,-0.009443528964380832,-0.0650243483242623,-0.01643312101910832,0.05938814531548742,0.001303574955559883,0.030316028428700514,-0.01903499932556274,-0.03598876736624301,-0.021555569923061846,-0.03067565780774817,0.003085824493731959,-0.03911564158068892,-0.02786933404784886,-0.007256644767916209,-0.015093611948671093
2020-10-31,-0.008231431698148994,0.004926738754878812,-0.11703431372549022,-0.10905323144670365,0.051438472367613564,-0.02777339435063908,-0.03604665313102473,-0.006859065614080451,0.00444614794940601,-0.0004625469154729833,-0.018687764288637387,0.007402422611036519,-0.02602893439666576,-0.0650939448883221,-0.006012110726643649,-0.04757666909919378
2020-11-30,-0.05560353099213211,0.12167324589328898,0.2574600971547536,0.20846053205407755,0.056543531996704255,0.04593410160688194,0.01668405280957863,0.02535346624967416,0.02953522094176919,0.02743511430195822,0.046288573811509526,0.003053726500620302,0.10980781721621535,0.17154355455152515,0.13598189808972627,0.13102223883386288
2020-12-31,0.06410972821945626,0.02355679173525571,0.0662251655629138,0.130638758570913,0.13614947197400484,-0.014889819987585318,0.019044009044923982,0.022113314852617583,0.022609340252038423,0.014837597158593674,0.046100704131792236,0.009038150508990705,0.03696661379038213,0.01867645765810555,0.025281544472534945,0.027329356752201717
2021-01-31,-0.025397431613118693,0.01050909494232477,0.07531055900621109,0.10245770826683698,0.13015873015873036,-0.016646844306519304,0.006842901852136984,-0.00840838973896696,0.00340703153316424,-0.0028150796971888603,-0.00762001524003042,-0.014237224212709787,-0.011602012411573881,-0.01835487682559145,0.009078681909885589,-0.009183755528749504
2021-02-28,-0.06568699485672291,0.1498778915017973,0.18026474127557157,0.16415749855240303,0.002758376353881875,0.006896413624622122,-0.015185196980795679,-0.005062735601376156,0.017555266579974083,0.007362758936405589,0.009086255438955693,-0.018077474892395973,0.028067809222612317,0.045743132617791726,0.05398200599800074,0.012336861242776553
2021-03-31,-0.008860228583412066,-0.023696456270134836,-0.03772430668841764,0.007046340048080912,0.03058675078864348,0.02032082158326598,0.010083370523442658,-0.030097752711633396,-0.012211572594959197,0.01099497588931797,-0.014711477488902891,-0.037599844145723704,0.0441554198396541,0.08246860747969742,-0.015386236695120625,0.045779616445385196
2021-04-30,0.030362338005818668,0.11605396949550251,0.07416825598643784,0.05885742509054981,0.2305507260572519,-0.10575536202957991,-0.05146314913235561,0.02474580125393877,0.002228131962912494,0.023498857521008,0.013772686317415461,0.012854251012145657,0.05217362002026671,0.017562561771630403,-0.017196475079382045,0.03862371394838937
2021-05-31,0.07659530776733914,0.046890056942619385,0.04300651015979473,0.032185337790562096,-0.024496537451245692,0.026635047537674872,-0.007142230293047613,0.014289224038865456,0.027825588066551887,0.015969062229324926,0.001015744032503818,-0.004596782252423215,0.00670731009871095,0.024619118312854793,0.0034849529894362963,0.0124007204228056
2021-06-30,-0.07019217013971668,-0.08317817618878265,0.11102704747493863,0.04940875197710337,0.052997694865466016,0.021638422637119126,0.03477817440081599,-0.029566657811254782,-0.027560703321239055,-0.025624399615754134,-0.02841197361745318,-0.011946591707659882,0.022766987754137435,0.009397293846545196,-0.02344173931917659,0.004141269794977864
2021-07-31,0.02348838401969333,0.04511123787792348,0.016683690840994192,0.04973803201033511,-0.08717720219299108,0.022954825999675688,-0.009665549641895033,8.051659447017023e-05,0.006314127861089203,-0.006075468907894344,-0.021540469973890253,0.011786222312538008,0.023553276484938435,0.011814139809986246,-0.05556584552694943,-0.002004008016032066
2021-08-31,0.0005010773162299476,-0.020654119907427604,-0.07049564634963168,-0.01736633392588538,-0.02014049534158202,0.007256445885440721,-0.002355376561680944,-0.004250933917299915,-0.00969696969696976,-0.010117416587107741,-0.002134756504336144,-0.0023097007431212013,0.029842387564658956,0.020434599973337297,0.03659541086487539,-0.005092835108550187
2021-09-30,-0.03360544899083495,-0.06538701622971277,0.09926139434336156,0.054341775674923376,0.004678362573099504,-0.08715189260705414,-0.04965284243568946,-0.01997897800776205,-0.020735834113327023,-0.0040332176810251585,-0.01230110977403398,-0.012883744338198277,-0.04732155089738321,-0.03214563023035111,0.061071590737097114,0.02522888817386737
2021-10-31,0.015288142620232259,0.06824416191589333,0.12209111766633884,0.10598561340988577,0.058703056956840305,0.026216715420713577,0.028236924239667394,-0.0027143198937373825,0.015881185206970017,0.022976796830786572,0.040476512792744,-0.022330988069746094,0.06962857092286456,0.055322378541375894,-0.02984808501533409,0.021284183797201317
2021-11-30,-0.005614823133071267,-0.01759556984637367,-0.19541404994888267,-0.16952085446625687,-0.012136268301126019,0.05185175616498516,0.04329864632179281,-0.02092157511581727,-0.029673590504450953,-0.032049863539131085,-0.05399427530575074,0.007092198581560405,-0.006689350611742584,-0.042783433003673044,-0.042014335600073505,-0.020002514282521644
2021-12-31,0.029361942405420782,0.04289026275115915,0.13940824106008343,0.15217703693059348,0.04536928246037153,0.012285032401210039,0.013046739945856034,0.00421627193686569,0.018274035951368894,0.010554391312630917,0.021455095585201533,-0.01739850869925441,0.04360284119186808,0.05653013579132615,0.04447087713912978,0.04368648355877358
2022-01-31,-0.018850047374457612,-0.031144432578514847,0.18002230364823935,0.14467448241456715,0.055191860235832335,-0.04465347255360275,0.0064715541388971065,-0.01306689103912495,-0.005640199238206911,-0.00385843199356517,-0.027871280463174775,0.00010539629005057449,-0.05343203767259974,-0.02401565408294759,-0.05943940340178544,0.009901125314104586
2022-02-28,0.05804320203303681,0.028568857695595362,0.10220062103415706,0.09615384615384626,0.10597424924784637,-0.03250931256349476,-0.021445937300064055,-0.0023956281916842626,-0.0029465930018416353,0.0010093490960016993,0.02673130193905804,0.0008430814627462535,-0.030247774999894506,-0.07596651311993263,-0.018513455454438943,0.005138676655532803
2022-03-31,0.025219772301484422,0.06657335316245305,0.07839294463498292,0.0821529745042493,0.08397539875642046,-0.004051452572628733,-0.008525773465491548,-0.01485266972038013,-0.02076099002585885,0.015856010284979627,0.03035208417644686,-0.0562282826155629,0.03932543969671731,0.009933161518392408,0.056548211230052825,0.014018754456537996
2022-04-30,-0.021647455721113262,-0.07572588582677164,0.04963652885052228,0.10044089280793611,0.09193503133086023,-0.06124304805081826,-0.0326356466460922,-0.04594979094016216,-0.040516070620190026,-0.0272838939414618,-0.05459544383346426,-0.060917103648331916,-0.08900410772100964,-0.023611402221756506,-0.014952919020715605,0.003608815061495685
2022-05-31,-0.036398467432950166,-0.025513033832501364,0.10994481116762245,0.172947706690038,-0.0737594929480957,-0.027488031896225062,-0.01863049183680432,0.014447950100471951,0.00047180938900681646,0.015013138090257394,0.012602132668605659,0.0052275157419507945,0.0009091556102478471,0.023374692756018778,-0.0034795243375520535,0.009650595560726005
2022-06-30,-0.022216699801192896,-0.13844052361980652,-0.057814175684897995,-0.057569827432841114,-0.10497033212606921,0.05132350747525494,0.016872508022950594,-0.024504795195841145,-0.032932484476931534,-0.01682689286836314,-0.037746170678337077,-0.05129417326557151,-0.08316952048903004,-0.08928913233292857,-0.03434118640165762,-0.05418145156010634
2022-07-31,-0.024297260204340976,-0.03678258112250299,-0.03756208609271516,-0.0754709857666025,-0.019871198815304525,0.02865642950316949,0.03134755551912338,-0.02690286302326439,-0.0008940182054616441,0.004371389130323644,0.012933484934621875,0.01494954528466419,0.09077922272870564,0.07841624295330596,0.05550919855366154,0.03602131930504604
2022-08-31,-0.031206043240427195,-0.017145835619444716,-0.08472207289538769,-0.14215125775890236,0.09283204497540387,0.0021134970144074394,0.0024572791098158575,-0.019356422555425468,-0.04677458716342631,-0.023708926162539168,-0.02188859267574017,-0.040873941328096186,-0.04282198485748556,-0.05795569224854624,0.011368769763589803,-0.012199847668933894
2022-09-30,-0.03140460314046023,-0.03011695090295019,-0.1079525431692705,-0.009092207359451598,0.01043341264227382,-0.050901114904915556,0.004268224194091896,-0.02577557819330245,-0.039341184502474924,-0.049677377305611725,-0.06440969731745794,-0.04427949833631939,-0.09353950556046786,-0.06455644544202421,-0.05940594059405946,-0.05270277582381899
2022-10-31,-0.018709749056184832,-0.010993438471278871,0.10429286278641037,0.12226172175249816,0.020667271251968877,0.01660296504909775,0.03688888596485462,0.006285765114003583,0.0273607533090523,0.013949851859980322,-0.0022999080036799624,-0.02825388323513678,0.07816064607372741,0.10534272513822618,0.0596755045508508,0.02790312446449983
2022-11-30,0.0634794908062235,0.10615142873770567,-0.060338659670880035,-0.03411669021017949,-0.04124579124579131,0.01604649664528357,0.007493464632877256,0.0508854120628186,0.05032425421530484,0.013893210319124272,0.06131857999077939,0.07358412567176531,0.05105528476015819,0.10110567198215148,0.018896108745985574,0.06915617793337225
2022-12-31,0.03766558493376593,0.01941390014205302,-0.006218274111675082,0.03368197128168782,0.01725034955939253,0.01786741427490912,0.014296060711024516,0.024589244658778764,-0.0007409236848604506,-0.007938837594065218,0.001448016217781456,0.04851752021563338,-0.06135650551116811,-0.0513747902841184,-0.07125054977276057,-0.017307692307692246
2023-01-31,0.05603691361189456,0.10902663088356723,-0.02068701315285415,0.03309895386726125,0.0018380296322344503,-0.0028121634970499354,0.00801589519108381,0.012879803701575154,0.02059647388367103,0.016986537194195295,0.034557547715442505,0.0020810380707552145,0.059310639630392625,0.10588960757816301,0.05094711917916328,0.03797535304384625
2023-02-28,-0.055830663171181794,-0.029201666007399152,-0.025427043943147765,-0.04619023904382469,-0.07282792508216085,0.019606793213925666,0.015029628078301993,-0.027584405760034625,-0.022360348724572154,-0.023817710537452408,-0.046261355695317974,-0.04715367700952844,-0.027996096077778088,0.013849837109590979,0.004581127257707207,0.014445859872611377
2023-03-31,0.07193541752365284,0.0012223766837640149,-0.019266791544019224,0.017839272505765003,0.048006607361013254,0.022477024070021834,0.019795370965980164,0.023393654262905406,0.02229378251176617,0.006584027636659329,-0.009525205158264827,0.020641025641025657,0.03107131219753545,0.018982601817050027,0.031024557993496016,-0.028291935605394558
2023-04-30,0.006475751906749094,-0.05137289636846776,0.014324693042292003,-0.035138716710126916,-0.04521647758057379,0.02789381773356836,0.020660763591354936,0.013302685875624443,0.018092238106776515,-0.0006056446077441491,-0.010800414262464919,-0.029895741740987303,0.012264208362790185,0.012896276271999962,0.029619693289344884,0.029257828149028775
2023-05-31,-0.017777142312458194,-0.06515759456935921,-0.11271015467383994,-0.015373709627398036,0.015390435575120875,0.03459877661324229,0.026638292910447614,-0.03285584153464194,-0.011979373264577431,-0.0033801982331395086,-0.019892312294346404,-0.026285122361776492,0.0004787045837697512,-0.018981342911304044,0.06873239436619727,-0.05221922280118019
2023-06-30,-0.026590324615459404,0.03447158860844923,0.035167500378960215,0.08297336213102957,-0.11495732285598159,0.03512005860051026,0.0566588486503985,0.019890114963756478,0.02039505379797646,0.02474157151543821,0.025026705325805088,-0.039893617021276584,0.06038499944524567,0.03922189528962816,0.07706246705324205,0.010280051930159129
2023-07-31,0.02128508050446154,0.06609780282866229,0.158588373114658,0.17222037560245962,0.03172598545732863,-0.00797859931256506,0.006083862715380528,0.006527899754637856,0.011174063581995686,0.004166886439158191,0.007592675301473895,0.009972299168975018,0.02812873298630203,0.013983229910366823,0.0016518307791135722,0.019564134169048675
2023-08-31,-0.021573604060913798,-0.05553787786072695,0.02894337714863493,-0.032928082798709846,-0.07715419711413618,0.015282045654082754,0.007238325195781936,-0.01559773320140323,-0.013696498054474704,-0.025803655846202367,-0.037234042553191626,-0.02687877125617122,-0.021346246809088143,-0.04292636275299022,-0.018934188425713816,-0.02946472207217632
2023-09-30,-0.05073331337922771,-0.02210646348416534,0.09433730499938586,-0.040426623662219496,-0.003135174243337757,-0.014121643793309824,0.019002614649461957,-0.026398991191198595,-0.03597916995423689,-0.003396821545553763,-0.006599140577041029,-0.030862457722660608,-0.05256464695483376,-0.03287901046692043,-0.010645914396887113,0.01995680002120248
2023-10-31,0.06868463923485191,-0.02369278880555481,-0.0881131440116737,-0.06466521523242053,0.004193379299221922,-0.06848306621191413,-0.023280384727484615,-0.0009385529390785186,-0.004583401538713394,-0.022614458646108004,-0.016066738761007393,-0.019339828413552418,-0.026182140807324616,-0.0250722188913719,-0.014913633074284949,-0.04471930257636192
2023-11-30,0.02124311565696324,0.045223811721273766,-0.06216149679960603,-0.008208101927474676,-0.03081710499899626,-0.07139494215765407,-0.06785034876347495,0.027779082548122558,0.03872718302910694,0.02161548787069445,0.04097974564295814,0.017645314353499364,0.08653324598293843,0.07788508049324139,0.06918138554409281,0.018088593305860323
2023-12-31,0.007078197226502159,0.01038826126477077,-0.059587872424202604,-0.03561576151850787,-0.023821853961677908,0.010687900626516367,-0.019350597381809997,0.012303023655442225,0.009340615847383882,0.02438198442262096,0.030316742081448078,0.0456068774588374,0.04165991316619233,0.02854256353127682,-0.0049290515309933225,0.03617564155656794
2024-01-31,-0.011522830504422599,0.003984063745019917,0.0576413119330077,0.045939714798053144,-0.04880636604774535,0.07562761740532564,0.0533679209536857,-0.019367945823927757,-0.0028233079758450685,-0.01269421487603295,-0.03308446786707664,-0.040830546265329004,0.010477178423236477,0.02017101512826125,0.09066346442509765,-0.016437826339199435
2024-02-29,-0.020944181097030223,-0.017281105990783363,0.03536553180258628,0.052453261490733816,-0.07083100948131626,0.04528419737663958,0.03790813503043733,-0.006537452235164221,-0.00833661030279198,-0.00689747539007568,-0.009992429977289885,-0.02847595525207025,0.03064367108099786,0.023640661938534313,0.0615194054500412,0.007668108533228413
