date,XU,ES,TY,FB,ZG,ZI,ZN,ZU
2001-04-30,0.09240637934754892,0.07269476631415617,-0.0228041750610124,-0.013179322759342416,0.019958226966813708,0.005739629533002777,-0.07546530302015109,0.07501021539898423
2001-05-31,-0.02192229508903243,0.002586518655953718,-0.0019516716559699887,-0.0019348284668749827,0.005915813424345995,0.01193255512321656,-0.1796035163598264,-0.02302345786272808
2001-06-30,-0.03672696027671907,-0.027899974123126836,0.0019756948053653023,0.0,0.01651210133453951,-0.027300692130223125,-0.22530073627375846,-0.08442641173855048
2001-07-31,-0.043589802235335484,-0.01339851091805222,0.030031850506237134,0.020108848896232656,-0.017578994214508148,-0.02292792199235738,0.03902352547107957,0.01900078917015735
2001-08-31,-0.08725094361431185,-0.0660381986460411,0.010343986530249927,0.008016021846866561,0.027180067950169917,-0.015239379635873185,-0.28894363788043387,0.05981174788514232
2001-09-30,-0.12182650236238357,-0.08519578748325751,0.021420185740470776,0.021238932494205498,0.06328555678059544,0.11038071761161317,-0.1886568470756762,-0.1492411467116358
2001-10-31,0.04849657147687547,0.01628723719844216,0.025136459164876612,0.015453506384230709,-0.04603898797179595,-0.09620128268376915,0.3078105726217546,-0.11291707961678232
2001-11-30,0.052281134401972906,0.07471681057617152,-0.030090852643320787,-0.01650974145335593,-0.02304347826086961,-0.02415393013100431,-0.23846899924032927,-0.09198569938924472
2001-12-31,0.03936741720899195,0.007009182028457239,-0.016946674373388038,-0.009795320109413641,0.014908767245215948,0.10376171164872039,-0.06878742704849905,-0.0022147485850216864
2002-01-31,-0.03992732602257398,-0.016322127096819128,0.006984694784269108,0.0023623278420670246,0.010962508221881162,-0.07956417078423916,-0.16437968719953844,-0.04258467609339034
2002-02-28,-0.01087118526179831,-0.02078542366884839,0.012859634123425057,0.011649529468571007,0.05031446540880502,0.06551961459050237,0.07298251737188144,0.09651382448909507
2002-03-31,0.030323647056674785,0.035696865685123313,-0.032748194749206316,-0.024823741957905043,0.018377039025397446,0.029453558971709093,0.37407464996657813,0.19514487079091625
2002-04-30,-0.04505307008796999,-0.0626449913659276,0.030349260279357138,0.022292516122966344,0.018045417680454312,-0.025222738110176945,0.14206715620506505,0.030598873017952943
2002-05-31,-0.03931241559502319,-0.009052931270294717,0.010187236404339384,0.010695828480531189,0.05496912965544709,0.10697734294541705,-0.16465699022884406,-0.046665395130014664
2002-06-30,-0.08006453856855777,-0.07350759581619815,0.018551494578652905,0.014610391920600874,-0.041532943175382364,-0.04163274799395278,-0.010830745738563685,0.04954984994998335
2002-07-31,-0.1504615772393585,-0.07928899338244977,0.03147312246150613,0.027054536683823738,-0.03427220799684849,-0.0530275452008252,-0.10350801869270942,0.006354047528275508
2002-08-31,0.015663149566389256,0.004931042453193646,0.023086961964184693,0.01475477967270078,0.028553946563328658,-0.034341363403382785,0.09878372020798665,0.09243591362545778
2002-09-30,-0.18553388309040564,-0.11050262319142179,0.03690242813400535,0.027969069474131913,0.03589133452310134,0.017914012738853513,0.13292079294506953,0.04508149346896295
2002-10-31,0.12661680203842218,0.08650199477909659,-0.010245339921943653,-0.004785333665816016,-0.020865237366002987,-0.009516360318081118,-0.03338878781928012,-0.10911403605795811
2002-11-30,0.04766073726239273,0.05702823078753827,-0.02006668316849669,-0.01732800874038698,-0.004692082111436902,-0.0209265596209528,-0.01858391927823677,0.013843193246011465
2002-12-31,-0.09715117751329438,-0.05985911717719716,0.035438056315000965,0.02532182245210346,0.09565900608917688,0.08495765559887092,0.15091046739691527,0.15901298065148173
2003-01-31,-0.0588722004852259,-0.027587072052551176,-0.007877223347433016,-0.006346573909807307,0.05665112943707418,0.010035931111386454,0.18243047574230098,0.09900153204078399
2003-02-28,-0.05457539227227348,-0.01607890508637566,0.023151706834457997,0.016995872319600647,-0.0508992195453003,-0.055937193326791035,0.49832484755251705,0.1174830553285584
2003-03-31,-0.034911303223976065,0.008689329646228705,-0.004333697428779981,-0.0017864497452461103,-0.04057919199141924,-0.02936590436590436,-0.37480988605294707,-0.12874779541446213
2003-04-30,0.13859696398095722,0.0814652880354505,0.0021762866687171645,0.0022026487415875984,0.007452953232718551,0.03868808567603743,0.050044349623117323,-0.1464402093413647
2003-05-31,0.01744886542930102,0.05158491679323407,0.03395647975530358,0.023660414686184295,0.07453301276123536,-0.025647635004510838,0.1462934730013301,0.16207774178621026
2003-06-30,0.04330050962507648,0.01164796342477148,-0.008443275183793508,-0.004862242403354533,-0.052839931153184194,0.004497354497354555,-0.1480398399917866,0.058337481333996966
2003-07-31,0.03584844472069837,0.016443955998808546,-0.05800958311338589,-0.032980451365981045,0.02253316372887526,0.12075322623123519,-0.1294515431883596,0.021117486595804813
2003-08-31,0.019886771285824167,0.018704149067318765,0.007885093218134909,-0.0002549668090365831,0.05900124400213236,-0.0018799201033956603,-0.0060604569910617245,0.037262217309197876
2003-09-30,-0.06564044843221406,-0.012190888079910311,0.04471660239862696,0.032854508758590084,0.024668568551770464,0.002001177163037049,-0.023261087128796154,-0.07757548845470696
2003-10-31,0.07484445904601555,0.0558423039845759,-0.02031078884341908,-0.014596530156773757,-0.003766786767114394,-0.015037593984962516,-0.06699194675478015,-0.003706734703701864
2003-11-30,0.020886664374227815,0.007855818155879879,-0.0001344068958807343,-0.0017632487354506399,0.031727765904981275,0.0579675572519085,-0.043646846710304055,0.05353691534596039
2003-12-31,0.04196035379682872,0.05110832208811833,0.012399606200989233,0.01132502976077121,0.04541108986615683,0.10834272829763258,0.2566498722257806,0.07342689414786285
2004-01-31,0.033709479481576876,0.01756039753292593,0.010438413525143853,0.006298984833394972,-0.03429355281207136,0.04780795442986463,-0.13998574925199336,0.024652851954710453
2004-02-29,0.01578100025481244,0.012837140361557253,0.017107147251808286,0.012679923848870178,-0.015151515151515138,0.07125521794000589,0.015935532002123942,0.12259194395796857
2004-03-31,-0.0378675150084663,-0.016158818097876226,0.013446760975286631,0.010286348962166514,0.07676282051282057,0.18323516085183522,0.08128520548637241,0.009657529158308975
2004-04-30,0.0,-0.016893477240732202,-0.04251287088421429,-0.0319207467303686,-0.0952522696829885,-0.23573562073983312,-0.02807896349840422,0.06099624751673893
2004-05-31,0.0007288500168880496,0.012887828162291282,-0.006011743655195967,-0.0033578486738227165,0.01645007402533305,0.0033069445836257927,0.08442432833489089,0.0718446601941749
2004-06-30,0.024733245698179696,0.018521153059591233,0.008794704422248056,0.004766720654390211,-0.00485515455575336,-0.05483419896124664,-0.05488948169726138,-0.07576345755693592
2004-07-31,-0.035854824077337755,-0.034631467756156775,0.012719727222793908,0.007475560830455752,-0.004878842088144375,0.13209341646412343,-0.014519328860034708,0.17686384319215964
2004-08-31,-0.013251105757128956,0.0027219619829628172,0.025213303143109878,0.01859708495197121,0.04739336492891,0.03295062074115562,-0.1855936813000022,-0.028313951759212586
2004-09-30,0.016071135730034047,0.009514533336940856,0.0027824193532055563,0.0007059103175801607,0.01950382274925877,0.018525212362190402,0.19715283971609088,0.17771111995347555
2004-10-31,0.03146650407378848,0.013677214172130858,0.008324084357699046,0.005643344995932775,0.021273339455157636,0.05287907018010829,0.08277708104991932,0.05000389843282993
2004-11-30,0.019866359901015818,0.03870660709092344,-0.019442936716770665,-0.015601606335310048,0.05035216544282939,0.05721749389062092,-0.2003236402279973,-0.05197891141308386
2004-12-31,0.022939976474733115,0.031901986238026314,0.01072235572502711,0.00646087882584756,-0.032672278499072616,-0.12083532600031877,-0.20065559642965725,-0.1295005352340669
2005-01-31,0.01560399515603983,-0.026368801440540657,0.0029313193472348953,-0.002567756905497043,-0.037315634218288984,-0.013145965548504113,0.022059218657638713,0.10347620047389094
2005-02-28,0.017699792700202943,0.018832232675190408,-0.012709195714964983,-0.010601256374473178,0.03171441703692346,0.08984841525034448,0.04929233812665945,0.06036802478867109
2005-03-31,-0.00013436309207093267,-0.020266237856835012,-0.005546066693642326,-0.00450254184430221,-0.020641520641520583,-0.029082019725195973,0.11617390187817733,0.056316005331692676
2005-04-30,-0.03163869747040937,-0.021539945346407352,0.01973402017803072,0.012693309657382912,0.01152388172858232,-0.03941656537593319,-0.1523934647931584,-0.12436603654541489
2005-05-31,0.06258603845641453,0.029138889609435115,0.015421421338537744,0.0060564328968539805,-0.04512067156348376,0.07375271149674623,-0.04105679114513294,0.01751468795033828
2005-06-30,0.03462416482523367,-0.001453500583920797,0.0017933582784639412,0.0011492590177744066,0.04348508634222936,-0.0565656565656566,0.08199088165569668,0.06449504303301001
2005-07-31,0.04065032440483707,0.03450567942785021,-0.021894796808642147,-0.015497198006659496,-0.016699262825334737,0.02649892933618858,0.12248648277875307,0.05416538737079124
2005-08-31,-0.017427925436425795,-0.012330115249164386,0.01738696597540712,0.01298785935854374,0.005354957160342622,-0.06605823554976098,0.4505901554775993,0.11820101453848197
2005-09-30,0.04795224033893941,0.005146786346605259,-0.01923880692144586,-0.013984995810348733,0.07807030893319111,0.0958585388552815,0.13848957249047866,-0.05129039960061643
2005-10-31,-0.03521734008717159,-0.01984270031132218,-0.01336176966082503,-0.009065659039526053,-0.011434217955957116,0.009002123142250351,-0.14840947285902484,-0.09446783197583963
2005-11-30,0.04253459079564936,0.03409451846403311,0.002296962175131423,0.0017654393160559945,0.059403112951592174,0.09376315124989487,-0.030636119973828757,-0.05616614871522785
2005-12-31,0.03376745057622044,-0.0033382639410914905,0.00806219996674229,0.003834807533724227,0.040571505593745893,0.060176991150442616,-0.11399083094794815,0.04743548559802968
2006-01-31,0.03260554316892361,0.02291085447349639,-0.008854619846026868,-0.005730231052294088,0.0993523316062177,0.11192567322348834,-0.18421492280234042,0.1000306685749337
2006-02-28,0.019432729315421948,-0.0007769822959033945,-0.003599510389432292,-0.004580289712913244,-0.020148462354188768,-0.01645015993211052,-0.2981645852126992,-0.11051995725105712
2006-03-31,0.020073958956653648,0.00810118145535621,-0.014045759805589642,-0.007130122909351111,0.031024531024530955,0.17495188159553976,0.05078265872791632,0.052030821470549604
2006-04-30,-0.0021058939709815983,0.009783395774958237,-0.007636951128513592,-0.002693003490606194,0.11558199206904596,0.17166581935265213,-0.11536396890226075,0.057700424559922636
2006-05-31,-0.04197838912266616,-0.03343855956974173,-0.004741341780973962,-0.004801893787109601,-0.018400418191322543,-0.0862019091698003,-0.0649886650890269,-0.027604985798455384
2006-06-30,0.006833562148775618,-0.002636990443933729,-0.0005956738172012699,-0.0019604874186881505,-0.05080413249547333,-0.13110689036614964,-0.07848876384570824,0.027278213639106763
2006-07-31,0.009014499489207628,0.0017545561862255532,0.011175679366984381,0.00785735391825404,0.028613105924595983,0.04122897565122341,0.3052349224023583,-0.00845964046528025
2006-08-31,0.03112113430060015,0.018531821300294737,0.012525363693098202,0.00779429531840381,-0.0195265626704485,0.1299860041987404,-0.27863289024300353,-0.07441640004739891
2006-09-30,0.022946121915758955,0.02179236237132609,0.006402798724514769,0.003865028378641222,-0.04728526924788612,-0.11436238839861701,-0.27255907233644827,-0.11962616822429917
2006-10-31,0.02530279311197159,0.028059344971731237,0.0014459235707044993,0.00044423819217609406,0.004320915566974337,0.06328302546471654,0.12126115799686099,-0.09338917488293619
2006-11-30,-0.0027442723861108576,0.014272889807557476,0.007790739336148711,0.0041389580717734464,0.06511627906976747,0.1341590398421657,0.11201571493954887,0.04083793147696646
2006-12-31,0.03305412189412538,0.009616886449338446,-0.01574126505064888,-0.01030321362308062,-0.022816593886462844,-0.08359507127325438,-0.2950913739286133,-0.04919093851132683
2007-01-31,0.015393735642718509,0.010151461574728904,-0.006687991510799907,-0.005056514366972076,0.02122667858339855,0.04909042973899291,0.20251834741175756,-0.06395669227527645
2007-02-28,-0.033166890724025344,-0.023562958533276945,0.017271620381538177,0.012398735446162323,0.022207635926047464,0.03925412143144347,-0.05165927419712113,0.04979914115528472
2007-03-31,0.025207079435075386,0.006938479808202169,-0.004316555778992037,-0.0014747046186093238,-0.014661815068493067,-0.05518208637616673,0.04056909976623868,0.03635284027182184
2007-04-30,0.050558009765171,0.040001483459427334,0.001878616657820631,0.0002953765168356437,0.021722602367763688,-0.00030712530712528885,0.00021548937637372312,-0.0483829895594603
2007-05-31,0.04280597697588018,0.029890238422970672,-0.017885819141577164,-0.014024057364658171,-0.033592005953013704,-0.007731694828469027,-0.011170716994139962,-0.0507760235483008
2007-06-30,-0.01159837573219391,-0.02093432314894328,-0.006316096555320394,-0.0034410575195810145,-0.023759762402375983,-0.08302802002167298,-0.16147756776876,0.0925717104799495
2007-07-31,-0.0483514831820151,-0.03530177322271011,0.016260169196293806,0.013361358512019805,0.024450704225352116,0.04361283061339338,-0.0994926737586963,0.1007901951298178
2007-08-31,0.009367408488203388,0.010088716181538171,0.018202107276216184,0.012598192172370126,0.0038495380554333103,-0.0733351307630089,-0.1328639716844121,-0.05039554644008204
2007-09-30,0.015312224072604463,0.03220678541875355,0.0021493071631684124,0.00307511398124638,0.09992330448120956,0.13814372999709046,0.14238495069711732,0.12070348657821661
2007-10-31,0.027032580736304768,0.011054619100862917,0.006720043069318615,0.0029197116274495283,0.06036457814523355,0.037220716805562715,0.11600190302347713,0.16752932107262808
2007-11-30,-0.025878023509235848,-0.04582159624413151,0.034959668216294704,0.02853886985749088,-0.016439643024894313,-0.03194163750184842,-0.15984653062644916,-0.051524512462565064
2007-12-31,-0.0032422876466638995,-0.011181817519152593,0.0016563089587442459,0.001560938599869166,0.06198662846227321,0.05331228677631228,0.0046521381195732125,0.08306399482870064
2008-01-31,-0.13596405691724034,-0.06616882781803568,0.0293509696417531,0.024652875837309463,0.09991905746919683,0.13907957072416144,0.08745822285097304,-0.03895507655579267
2008-02-29,-0.03757883933172368,-0.03497872541976832,0.016078529300129984,0.01684186715678293,0.050695012264922346,0.16466494079701222,0.16001952555739063,0.10996990397936268
2008-03-31,-0.013142232586541791,-0.0069613729692586945,0.01425526035169522,-0.00013675249610378692,-0.05929961089494162,-0.13078016251867508,0.06709958920703274,0.008284914998924142
2008-04-30,0.05227357310363678,0.04683059434078829,-0.02640221068244586,-0.01969635048811902,-0.06121773659827934,-0.04770688354154451,0.06281334407883787,0.12246291751147154
2008-05-31,0.009617474230538159,0.010457979225684477,-0.017181401141603825,-0.011304850106110598,0.025467042650687333,0.01642014439161832,0.06349580873267757,0.12206947692658732
2008-06-30,-0.11555538673217014,-0.08686307034553653,0.013483460558250782,0.0056139874688256874,0.041247744263985586,0.03183334055177789,0.13198804311928924,0.09474183654449009
2008-07-31,-0.002075827348429038,-0.01092490725342199,0.007955011356798103,0.007066638950408155,-0.016670793100602488,0.01599227669576897,-0.3214614864420068,-0.11794935298123943
2008-08-31,-0.0005929609793419166,0.012235501060582576,0.01659361340402743,0.010595415629586658,-0.09475451112043654,-0.23598430076430488,-0.1402231840662187,-0.07107258177734099
2008-09-30,-0.08046565484506885,-0.08942611569684733,-0.007575754621876651,0.0026521502248089135,0.05451511218245897,-0.1044719623641378,-0.09614496886636648,-0.12870744700948356
2008-10-31,-0.15796210824283607,-0.17258056971794755,-0.013495091312129559,0.009118756356995217,-0.18454369614911204,-0.20729424551657505,-0.1254362419915901,-0.328722274018343
2008-11-30,-0.06431758351769223,-0.07444006014901583,0.08716365990759956,0.052340574563491726,0.13940700808625328,0.048598415600243694,-0.05585385082064542,-0.23343023255813955
2008-12-31,-0.00270780773244228,0.005863454796428025,0.039524661267221095,0.020081668300783617,0.0797691143073429,0.10409705070463482,-0.14387132023215143,-0.23637972443433197
2009-01-31,-0.09020290853222435,-0.08610325103530347,-0.024478122384341217,-0.007415189807844391,0.04784856717202701,0.11244160800052616,-0.21629714065535344,-0.1717706781437952
2009-02-28,-0.119789202448629,-0.10730469217174066,-0.006594192135070398,-0.0033473455208511416,0.015221209333444952,0.04051336645374981,-0.052735355273535456,-0.07848101265822782
2009-03-31,0.05428113060880224,0.08730536782875342,0.03371517987604089,0.01869597239568721,-0.020924293599143384,-0.009549252543625264,-0.11674352971707558,0.07945344129554655
2009-04-30,0.15662404894501525,0.09468395328778945,-0.025311679502847406,-0.01368240994754999,-0.036516617585191535,-0.052797704447632765,-0.13748714558542663,-0.01667671287924455
2009-05-31,0.07074556822959766,0.05517827886791982,-0.01996556107295122,-0.007828852597633884,0.09807003755130572,0.266525295365041,0.10488478216128372,0.2729873314262363
2009-06-30,-0.025492431439609886,0.0015289613729836393,-0.006276711170802085,-0.006495265614470114,-0.05392078892953733,-0.13083620359739767,-0.038654728106573444,0.043766720171214635
2009-07-31,0.09514184512397228,0.07537278106508882,0.00873538286824016,0.005788618034670456,0.02765635507733699,0.024987616269469992,-0.08415292514097872,-0.02245232725035895
2009-08-31,0.05310853154821249,0.035809792118324246,0.011806228974476474,0.010352648978614987,-0.0023721881390593724,0.06787306019438333,-0.2749119082532665,-0.020555846879916073
2009-09-30,0.03867502944441625,0.03712163870679852,0.009464139436000885,0.00732104212990059,0.05854378484749101,0.11630713531452708,0.2622094778146693,0.004711425206124886
2009-10-31,-0.05055990798411425,-0.01899259350318072,0.002376862530245827,0.0030955492123527772,0.030751355538342295,-0.02418918918918911,-0.12786665710117895,0.08323563892145369
2009-11-30,0.031217678017337436,0.059772563516180544,0.021799768580879064,0.017152631637564975,0.13504170737205978,0.13742325624336416,-0.11287816470158119,-0.0037878787878787845
2009-12-31,0.059908012856034754,0.018800437494457478,-0.03738926787302943,-0.02458360663942538,-0.07282838983050843,-0.09070616883116878,0.14299402431485664,0.0016295491580662347
2010-01-31,-0.07739280915559599,-0.03622999177909958,0.02341318088825095,0.01816815950155548,-0.012210796915167244,-0.0388752510600312,-0.07589756532869407,-0.08760599487280618
2010-02-28,-0.004737402815241376,0.030818171782958315,0.006301389970862825,0.005484120322460484,0.03238632256198937,0.018807467261075406,-0.05795023361523233,0.0874804128167721
2010-03-31,0.07616493577480177,0.06035825545171347,-0.010506714403608508,-0.009433956657424192,-0.004971640641411645,0.060850540134008035,-0.20863964878129604,0.047152936500049814
2010-04-30,-0.04919342465173615,0.01566287183253756,0.01424730493830717,0.008843534251842256,0.05939479239971868,0.06169975079487844,-0.007942115455068843,0.019976275207592042
2010-05-31,-0.04477188374668206,-0.08027046083199241,0.023951206200103492,0.014274895026079593,0.027434568885346122,-0.011655200323755666,0.08495007979319724,-0.18105694082620027
2010-06-30,-0.02494975679375533,-0.05314213826587777,0.022288841730234488,0.014396684593346087,0.02547358893127294,0.013061993284743334,0.05314726118985669,0.006475800954328648
2010-07-31,0.08376647429233741,0.06988862246857463,0.010327680887424862,0.012476069279619084,-0.0527078998802093,-0.037710682672486895,0.06674054066532764,0.03651653685517542
2010-08-31,-0.04593639575971731,-0.04552157714995353,0.021753959243042686,0.010787490436599212,0.056039933444259615,0.07640288978494603,-0.22776359072022156,-0.0942009256738362
2010-09-30,0.04968509851505165,0.0891339703191707,0.0033582156948723796,0.004545159947388244,0.04745698619776895,0.12291723572794311,-0.028528591645998858,0.09870754433423512
2010-10-31,0.04027654690673699,0.0378258313190043,0.0018594235680651217,0.005881963113657962,0.036642599277978416,0.12572540570594581,-0.060752044539960526,0.009793729824369324
2010-11-30,-0.06581969034743307,-0.0002158234564126893,-0.010293232228625993,-0.008169576535550171,0.019443960763828372,0.1453310696095076,-0.004361246333635438,0.02730819245773719
2010-12-31,0.05349283760131862,0.06665887135944182,-0.0295857982451444,-0.01779545267500804,0.025449783648371582,0.09659596259062608,0.044312485540217494,0.08001054852320677
2011-01-31,0.062277206961627085,0.023543498975452826,0.002983911699794506,0.005906558617350566,-0.06223974237965679,-0.08946346498881708,0.0034117091037986214,-0.0059090687112370865
2011-02-28,0.016849383015983932,0.03391799375520055,-0.003571636789057364,-0.004258825869878247,0.056483126110124404,0.20101492698464107,-0.09437878096527752,0.014295539398702983
2011-03-31,-0.03192585476573262,3.187301789675523e-05,-0.00013124900500294245,-0.0012693754014058145,0.020286931181349388,0.1202858812424148,0.06767760495392272,0.08761563423257623
2011-04-30,0.03718976394551876,0.029330209877133306,0.017721190499989437,0.014382227180814722,0.08090739316708784,0.282209204349396,0.05535004795177412,0.062121482009262596
2011-05-31,-0.028415343889114708,-0.01158047111462035,0.023566627248388095,0.015560747696579558,-0.013313684638447065,-0.21181919171373587,-0.02178083574941947,-0.1036853800679216
2011-06-30,-0.0044798203990000784,-0.016971187356582762,-0.0022938647828645298,0.0004590191225797291,-0.02214554256579282,-0.0910173697270471,-0.07011516286476838,-0.0761062774815231
2011-07-31,-0.07212780351797932,-0.02053059273422564,0.02746199351536771,0.01887658741811893,0.08400484542055087,0.151408604498799,-0.04690621927626781,-0.002227735304541567
2011-08-31,-0.1313197708780981,-0.05490349186208243,0.03404192018031993,0.016991536772335447,0.1229229423768341,0.04058949604536921,-0.024424331159323742,-0.07601359922870043
2011-09-30,-0.06169840714717212,-0.07089067327635923,0.008234446596472322,-0.0005100102137209905,-0.1143129110418829,-0.2797696079324864,-0.12176819701207453,-0.10994563128123458
2011-10-31,0.09776229652620616,0.10946126199562789,-0.007926978991852685,0.0010205409137316046,0.0634098680996582,0.141974996203877,0.0140010874631038,0.17418399457024747
2011-11-30,-0.007210410647702337,-0.0026049276548137934,0.007216486163293512,0.002987972918488735,0.012725101065784505,-0.047291906745855816,-0.1322174770668556,0.07803468208092479
2011-12-31,-0.01333167516478051,0.009810733210001699,0.01377144423096266,0.005032487978102296,-0.10483102744386474,-0.14903465922307513,-0.170502946174387,-0.017109432122837
2012-01-31,0.0556290806423152,0.04451518241277275,0.008579604475878355,0.006401724065778547,0.10894902199250023,0.19156438783041296,-0.17585867454172988,-0.005504860146796187
2012-02-29,0.03334865644197427,0.042991039895875494,-0.007679080133281113,-0.005541775757874734,-0.016724547614695662,0.03934298364341271,0.04516253994899433,0.08327930982895326
2012-03-31,-0.009734876277522009,0.032788007913559625,-0.011215842378904273,-0.005137633609827663,-0.024444650989869143,-0.062309627863859074,-0.2240239683716332,-0.04202918565575653
2012-04-30,-0.059677720473267803,-0.0069476677791776575,0.02160009337964741,0.010264576921883872,-0.0046208079268291735,-0.04726596520961335,0.023922302272817664,0.01254204709274398
2012-05-31,-0.0669892973476035,-0.06045880135919157,0.02014523629612941,0.00556027407294879,-0.061450107681263466,-0.105077208153181,0.028611413466024027,-0.17768496986379378
2012-06-30,0.07886791950950278,0.041235973688574346,-0.004199725644135954,-0.0017614542612429673,0.02559787874152253,-0.007481640991662486,0.14417989417989419,-0.02152709643908357
2012-07-31,0.02160406316645913,0.013271752402187253,0.009606376376790848,0.006554070290980096,0.003579774275344283,0.010959361352952612,0.14041288191577217,0.03173292438362618
2012-08-31,0.048339899724271884,0.022184134302329905,0.0011113169231582454,0.0018914203141864316,0.04518206589051266,0.1230980877699821,-0.14197995713375444,0.09221358335238983
2012-09-30,0.015424016575062538,0.025810372474793786,-0.0017527460422424035,-0.00025066846449239844,0.0511447125183675,0.09970846909527409,0.12712665406427237,-0.04773619471342583
2012-10-31,0.0179386176212204,-0.019172293680138286,-0.0033945910701445037,-0.003071532716482639,-0.03088924963924966,-0.06540577869856745,0.010182689427972402,-0.06854284614961803
2012-11-30,0.03324053452115816,0.005508980292842081,0.008362177983213037,0.005160830691623541,-0.005118421664882966,0.027077920530116817,-0.06365253483545796,0.025256697745780654
2012-12-31,0.016662175998275464,0.008301427961409535,-0.006430497148541603,-0.0024429956940617004,-0.021514428698377053,-0.09171714358653016,-0.07006934110122531,0.026246114884309835
2013-01-31,0.032120935853537036,0.05158775732866272,-0.01129677712402788,-0.005463112007834003,-0.009559772477415018,0.037177095842808594,-0.0038474633980252193,0.05670218732473353
2013-02-28,-0.027418576226620583,0.013392217224220682,0.011005232047640812,0.0056945911066390575,-0.05048018918005881,-0.09504335829720134,0.02293468229825346,-0.0611963271588557
2013-03-31,0.000966295813246365,0.03590745293503517,0.0033258066258512464,0.0005671083983047609,0.00996188055908509,-0.0038384058365547036,0.14341085271317833,0.05076888285843517
2013-04-30,0.040935610816285495,0.018875653463028996,0.010417899388708296,0.00472321602354886,-0.07744954959488692,-0.14795179405897307,0.07188778492109882,-0.04207467986656632
2013-05-31,0.029590626678694276,0.02308247021359433,-0.023961552389509144,-0.013938043087390661,-0.0545494217761292,-0.08031046537733733,-0.09340239912759007,-0.018535160638058823
2013-06-30,-0.05422193783378049,-0.014589934878614819,-0.020556223894826364,-0.011168547319737154,-0.12150934687283643,-0.12652136006974724,-0.1102123052865821,0.04738468581893107
2013-07-31,0.0646893816777605,0.05080486399918982,-0.000987660786165634,0.0026461865027442855,0.07204781295153029,0.008144687986585186,-0.03366115786271917,0.09703857501912361
2013-08-31,-0.016639048973746018,-0.029306699276518966,-0.007239353045832786,-0.006155841542182405,0.06328493536727309,0.19551700922735749,0.03154618263211284,0.03282199422253207
2013-09-30,0.06810488380763036,0.03032183594186333,0.01697259871975665,0.011423720922666858,-0.04949297073058301,-0.07675235192791852,-0.025902695372096995,-0.04137531947726292
2013-10-31,0.05847558591932067,0.04584276972004031,0.007664728866096038,0.0052923692545170375,-0.0024853003576408295,0.007319435972874988,-0.027496432424906958,-0.05704512299411446
2013-11-30,0.008173548304835077,0.030270394793676436,-0.005390497296143493,0.0009053045154900907,-0.055906660184735,-0.08580587711487087,0.08986793600801701,-0.04155774873299545
2013-12-31,0.010780636720453485,0.02410406336819615,-0.01856929030536103,-0.01330920786687173,-0.03849124613800203,-0.03307878126704589,0.0655786155260738,0.059890905042858655
2014-01-31,-0.033088552543016236,-0.0350376358465746,0.021968252730069082,0.011000525944228956,0.0310617217833713,-0.01293468187129787,0.18693950506949375,-0.011921016699926401
2014-02-28,0.04086513790533819,0.04559801792017382,0.0027821097503402115,0.0022865264148068665,0.06596545903129458,0.10928314826910523,0.06220952875503061,0.05888918416157307
2014-03-31,0.011189182932423325,0.007546863588411945,-0.00828105064924034,-0.007560941680056943,-0.02862711657936412,-0.07010635557354727,-0.04236024541076977,-0.004617778447020937
2014-04-30,0.018399888074413617,0.007237972508591151,0.007464572558466331,0.004203335507562356,0.00946827188362187,-0.030789931929713577,0.09857573127775798,-0.008320306590691384
2014-05-31,0.029478250371548276,0.02316246241763853,0.015348618664823066,0.008837919080143974,-0.038698055779862184,-0.025643119640669787,-0.058410780669144846,0.0368148072816028
2014-06-30,-0.004953658023712837,0.019939249633986744,-0.0027387061439521077,-0.0024789625773831148,0.06099767381752397,0.12467521582432317,-0.02053003010413068,0.034428641490926726
2014-07-31,-0.03842855807564605,-0.014216387413158893,-0.004493815513253341,-0.0052318321291146,-0.030816077953714882,-0.03059209300592458,-0.1396432710233284,-0.0635311966622415
2014-08-31,0.023528069278266894,0.03987521829026264,0.014567252781880757,0.00758022846789963,0.003581751916551301,-0.04862392373923741,0.04972035957951437,-0.014327663021466264
2014-09-30,0.012544492067817714,-0.014032849625259192,-0.009068328861895014,-0.0048648991409351305,-0.058856677728382656,-0.1249242454850309,-0.002147898128260106,-0.041347783656068726
2014-10-31,-0.030283505154639068,0.023405911369885235,0.013789649447410568,0.009909498063911837,-0.03306499900206228,-0.055727411237822655,-0.08378061053337804,-0.1091405915130732
2014-11-30,0.044429959207704206,0.027216562050897064,0.011052277399994148,0.006834547600715446,0.002752167331773858,-0.037893604537453496,0.03106025934401213,-0.1784446983821496
2014-12-31,-0.03514324253588619,-0.003211569342012832,-0.0019677704849054845,-0.004707422167795405,0.007341841635789548,0.0027443207806068237,-0.297487645370343,-0.19758418740849193
2015-01-31,0.06617785141073407,-0.031177350118169134,0.03216266114062161,0.02029823449009771,0.07949049792248486,0.10313719527646859,-0.05644481887110364,-0.10610345771371221
2015-02-28,0.07556216607628641,0.057451236147481266,-0.018367567747985314,-0.011255389493872392,-0.0516784452296819,-0.040521914913167256,0.008660714285714466,0.013063890589916305
2015-03-31,0.030357727719349414,-0.016355470184457932,0.008680764887367909,0.007794085444796872,-0.025284450063211117,0.0023941773606588335,-0.040099141364964286,-0.07737255692121703
2015-04-30,-0.02099020951358388,0.008854555549173915,-0.0041212137385305825,-0.000649902009619896,-0.0006826404532732644,-0.02923473774720553,0.02452969383991155,0.2088884035815679
2015-05-31,0.007052949431615385,0.012989723980225909,4.626041240474166e-05,0.0015226104872283486,0.00539654347974583,0.033953351048125135,-0.056525652565256546,-0.0047872820883387845
2015-06-30,-0.03504284526982493,-0.020855189209441627,-0.011869800387910301,-0.003915170808006518,-0.015151515151515138,-0.06919855320769075,0.06153405838580439,-0.01996732619350161
2015-07-31,0.0467994743133775,0.02141897095189571,0.010030960670139422,0.004913193112423331,-0.0663677130044843,-0.05368647100930568,-0.04228453311764191,-0.21485460270420453
2015-08-31,-0.09386171480451677,-0.06159357512468089,0.0015573945845783754,0.00017921196664216765,0.034138771890933395,-0.013777825805057264,-0.02392905738281792,0.02819061099315867
2015-09-30,-0.04790569154057511,-0.02608387560381653,0.013157897982616129,0.00902668502056403,-0.015291175419792857,-0.00471155426505232,-0.08748738162764991,-0.0938396237237582
2015-10-31,0.09844940845672578,0.08644480311531266,-0.008132055627396939,-0.006158425410858315,0.02351063057833258,0.07227390323113325,-0.15677184849602266,0.022787694644891943
2015-11-30,0.027918012357275757,0.002891018506291143,-0.005500801161348101,-0.005085075062279065,-0.06664303438496988,-0.09707392197125253,-0.0965202723808335,-0.1302141354127987
2015-12-31,-0.0631664791696247,-0.017545344675968355,-0.0042016821242051305,-0.003028106718929058,-0.004785415875427246,-0.020069361532776275,-0.020190844973032807,-0.14942365162942928
2016-01-31,-0.06631794529012403,-0.05182894724245868,0.02916356528876296,0.019874546079651223,0.05327430926576082,0.03190995590624279,-0.016725476358503855,-0.12297139032959681
2016-02-29,-0.046154934736281295,-0.00026250694128926444,0.010127996119606797,0.00343089148116138,0.10572463768115958,0.045260317103339665,-0.2809875834350104,-0.07096528042731776
2016-03-31,0.029746865822740665,0.06819903250891235,-0.0009577409606873477,0.001485219924369563,-0.00026214037617144914,0.036576838255069744,0.10221601117987622,0.09117043121149893
2016-04-30,0.02120906502135722,0.003654086147562685,-0.0025164751858361978,-0.0020633229994025948,0.04444444444444451,0.14887655025686275,0.05895671074080777,0.1605193827625142
2016-05-31,0.022781122789836905,0.017483291493380237,-0.00216223127669557,-0.0034231977050183104,-0.05887152450888089,-0.10239385727190609,-0.015393825365603298,0.0530241608561699
2016-06-30,-0.052901058508026955,0.0019904735012430397,0.025421690810745856,0.017040652711749482,0.08462820940313454,0.16067025612640262,0.25736124381134373,-0.02864182322143516
2016-07-31,0.03715301576422214,0.03731884560124543,0.0004699800991145864,-0.001215072091629077,0.021888834235120447,0.09256047862654992,-0.006286266924564909,-0.15250475586556744
2016-08-31,0.012052223548508323,0.0005745155586829309,-0.008590715023455542,-0.006402649746245936,-0.033935018050541554,-0.0868219515098606,-0.011331247827598201,0.07463524130190802
2016-09-30,-0.004746338218429513,-0.0011750776708535637,0.0015514988837777022,0.002190725977684327,0.004359740906826115,0.027071655151436058,-0.01771902685979465,0.0656222802436901
2016-10-31,0.019699181524431175,-0.018747604745055768,-0.011439463330913058,-0.00591487666334356,-0.033424283765347784,-0.07378575055000847,-0.029563350035791025,-0.03838614831754328
2016-11-30,-0.004914103718954954,0.03714889075592098,-0.0344825177732454,-0.02043772908079733,-0.08013087829601595,-0.07943541019550515,0.04145459910009586,0.038899269577034046
2016-12-31,0.08112345928470388,0.019446086480569225,-0.0018822928407569162,-0.0015247913706911698,-0.01890082298786433,-0.02987148315387289,0.10000708265457892,0.06703727926749514
2017-01-31,-0.010085076479119492,0.017107930726410592,0.001508675686144656,0.0017263135438847499,0.04940641217032771,0.09718172983479101,-0.16129032258064524,-0.033711308611707014
2017-02-28,0.023464463459025975,0.03879661653976596,0.005401343891978216,0.0017214647439689479,0.03509009619292769,0.04852920609761768,-0.14532473514509447,0.013954963526799702
2017-03-31,0.05911673553718999,-0.00021139414438220427,-0.00012542287380323813,0.00019912931514687315,-0.004646596858638663,-0.011559665658900986,0.1285367825383994,-0.07350641226149512
2017-04-30,0.01982491648174789,0.00900648141371252,0.009282481435123113,0.00577343893019977,0.013676112827930798,-0.05869917236415978,-0.0008755173511619807,-0.03241053342336264
2017-05-31,0.015152653763911061,0.012814881381750576,0.006973816177897829,0.003643303654605745,0.0030485827333464055,0.008362402637740685,-0.08850473990281216,-0.02808792742498256
2017-06-30,-0.02625256569871126,0.005077010611588939,-0.006062104892054165,-0.004027995905062753,-0.025995861355406102,-0.04824187280826453,-0.019140010487676884,-0.05205528630407463
2017-07-31,-0.00318948954345033,0.019413709150650105,0.0028628322674351114,0.0026519915535434535,0.020116850351878934,0.009559848635729784,-0.07547001692951982,0.08483241810263209
2017-08-31,-0.003199694936994124,0.000807738758645371,0.0109282348636901,0.005292829864996351,0.038268792710706157,0.04202012231209329,0.07449884348496538,-0.061790888462209814
2017-09-30,0.04948842256087804,0.019346802888439596,-0.013165986629375515,-0.008438819414885002,-0.02827054472513002,-0.051164331692540754,-0.030406314467665174,0.08093023255813958
2017-10-31,0.026798377583076016,0.022557793401674076,-0.002992521654333058,-0.0026595768530986996,-0.01109534253644695,0.0010475382850301251,-0.08806660499537466,0.045955249569707535
2017-11-30,-0.03072365172546232,0.029248517472052704,-0.005140560307052677,-0.00553971150428878,0.00136986301369868,-0.01903528004783739,0.013795901805639943,0.051176567385222915
2017-12-31,-0.019980755080092782,0.00951585252056164,0.0,-0.0015444507870597812,0.025470653377630104,0.04073961190693898,-0.03231939163498099,0.05118973074514721
2018-01-31,0.03533352812073187,0.055962195065151876,-0.019901747944340964,-0.012509245935414914,0.022106466776775413,0.00561304178055444,0.08396236169992766,0.0738644825018615
2018-02-28,-0.04661381252091967,-0.039370693194271444,-0.007972933399618132,-0.004226122600232141,-0.018769422001242986,-0.05188564772120574,-0.12324716207192599,-0.04437664678962705
2018-03-31,-0.01779832239366963,-0.02812459162301817,0.009111027992552811,0.0046629587818503015,0.0027235875348365912,-0.008446810689054951,0.01425307365901407,0.055579741692062035
2018-04-30,0.05227745810584472,0.001515426827052302,-0.012511285459264831,-0.008327074222383324,-0.006127218748025909,0.004749858020548281,-0.0007509118214974464,0.05705251580973347
2018-05-31,-0.015885173837751565,0.02209828475218356,0.00956667335238559,0.006007028478911769,-0.015190034320579748,0.0034941678228253004,0.058400429414922295,-0.02171933931590586
2018-06-30,-0.005965957158810209,0.004554862484334787,-0.0020757705949492333,-0.002400878436756959,-0.03846402065182308,-0.020482359567822184,-0.00943300537579872,0.10728529646370655
2018-07-31,0.04356810452532289,0.03509329940627648,-0.006370251334335775,-0.004331981747729308,-0.024028458285791143,-0.03941659260808206,-0.03696498054474717,-0.052947532717013024
2018-08-31,-0.03692116981193616,0.030171736829526452,0.007979512589164184,0.004486785518912795,-0.021800426380578886,-0.07036734693877544,0.04710260499734198,0.02560851926977703
2018-09-30,0.0027707492878361606,0.004119618065337116,-0.012342470245648052,-0.008129527606185238,-0.008717660292463458,0.010654490106544845,0.04447603574329806,0.051545117428924536
2018-10-31,-0.0561468695637487,-0.07125457966135251,-0.00289397026450966,-0.0008334990337259818,0.015744680851063952,-0.029193697868396762,0.06834532374100721,-0.10673562948160342
2018-11-30,-0.004695390143259481,0.017428264778841518,0.009898075897674552,0.0055617981669973116,0.0043290043290042934,-0.012947494033412887,0.4080444080444081,-0.22239768390577697
2018-12-31,-0.06022775079015208,-0.09309222246285187,0.02145192869810475,0.01528459864653331,0.045050055617352536,0.09309073324064565,-0.34867188004911787,-0.11186325943476061
2019-01-31,0.06319228959179068,0.07953087988907503,0.0037136690192898225,0.0014986335626958613,0.02920436402341653,0.03423104573356195,0.02917245485215325,0.17740091463414642
2019-02-28,0.04204738067562275,0.029673474047751558,-0.0064965282878649555,-0.0038064473387093845,-0.0068515286665373765,-0.03368623676612126,-0.01234091785576552,0.056319792846738936
2019-03-31,0.021297757640013737,0.01701310806268852,0.018186475245206113,0.011047457512519676,-0.018093068662544676,-0.03353253652058441,-0.05573994533385396,0.044430825800521045
2019-04-30,0.05642008873018445,0.0390274981176173,-0.00440250981402901,-0.0016187722728773224,-0.009876052230397114,-0.01379823657391499,-0.04848547503359857,0.0619040633709842
2019-05-31,-0.05542663077400756,-0.06647298387361211,0.022210503207617638,0.013231041761883056,0.015330030793948346,-0.027808417997097323,-0.0587787918296393,-0.16480176820002768
2019-06-30,0.062474372833339675,0.06817846529958471,0.009615385456454018,0.0067230155640312095,0.07826201621942386,0.04765317090648513,-0.05436915618146143,0.0884882566986438
2019-07-31,-0.004911763673999259,0.01290676873701102,-0.0042735061584060485,-0.0050912387505153145,0.008071419836125582,0.06931144550843582,-0.021484375,0.00045585777237500125
2019-08-31,-0.004064193747936651,-0.019280652146388744,0.028567186777384457,0.016811526917104747,0.06369040397913373,0.10911513859275046,0.02008483033932129,-0.05726002430133659
2019-09-30,0.041174672137742396,0.01778609023800848,-0.010676156857306385,-0.006902389851547119,-0.03695255474452552,-0.07329264189936069,0.0075822428763605565,-0.016755276300950528
2019-10-31,0.01434537075102238,0.019221825065129705,-0.00011990312977561146,0.00045898732051474767,0.02842254855518722,0.06290841199045749,0.04114577011773246,0.0018023922660985736
2019-11-30,0.02662420770355922,0.03557421985940068,-0.007554445405779875,-0.004718491324232854,-0.032300783049285964,-0.061234447426201544,-0.15329913732804845,0.01799149492966956
2019-12-31,0.011128030228823693,0.026854964701822137,-0.007247249498626651,-0.0030207521618487165,0.03421193550306412,0.04766112266112277,-0.03359493322318596,0.1086118251928021
2020-01-31,-0.024133558004497346,-0.0021666326567358896,0.025185541372390485,0.014424982964700517,0.03837302957082045,0.005060276826908794,-0.1513036045020658,-0.15492753623188404
2020-02-29,-0.07557193351883873,-0.08467613393721762,0.02434835614512898,0.01656241340278175,-0.013352540306942329,-0.09037958438224991,-0.0946785294611382,-0.13548276453438524
2020-03-31,-0.17360715645470426,-0.12560537262040095,0.02922077524432143,0.021257639009781837,0.016734052111410547,-0.1398415454742783,-0.048210643426664146,-0.5473120412616543
2020-04-30,0.0627753954471888,0.12948983387755564,0.002703919632198959,0.0009971320734609712,0.061084723296144894,0.04958677685950419,0.09468147282291062,-0.273444347063979
2020-05-31,0.0646288371403696,0.04806214444924972,0.001912451176873331,0.002429647528907841,0.025036435561107684,0.235499188555629,-0.14806905143263926,0.7804583835946926
2020-06-30,0.060308765286874566,0.019219964639074272,0.0007865170686733869,0.0009328389651375169,0.027827146701873806,-0.0023351982486014,-0.1017338625443911,0.10162601626016277
2020-07-31,-0.01797700440152694,0.05606181405952171,0.006511736196451956,0.0030444213085387695,0.08784150980682792,0.2993611937387235,0.0,0.019987699876998777
2020-08-31,0.035352117383602444,0.07216309390049336,-0.00502077285549396,-0.0017349082145443617,-0.0036786411735318936,0.1744351872701344,0.38116279069767445,0.05245703949351799
2020-09-30,-0.02786933404784886,-0.03911564158068892,0.002019749846205565,0.0,-0.041981949129364704,-0.17837285102575584,-0.23876073413032495,-0.0650243483242623
2020-10-31,-0.0650939448883221,-0.02602893439666576,-0.009406495680353566,-0.0034093681130393794,-0.008231431698148994,0.00649502177971395,0.12541473125414737,-0.11703431372549022
2020-11-30,0.17154355455152515,0.10980781721621535,0.002492151866645198,0.0008676466879673495,-0.05560353099213211,-0.04953823563507098,-0.18671383647798745,0.2574600971547536
2020-12-31,0.01867645765810555,0.03696661379038213,-0.000678508126486177,0.0010538125144308186,0.06410972821945626,0.16904500548847423,-0.11938134364427255,0.0662251655629138
2021-01-31,-0.01835487682559145,-0.011602012411573881,-0.0075817552115966524,-0.0022911686143136656,-0.025397431613118693,0.01898800208659357,0.009879253567508295,0.07531055900621109
2021-02-28,0.045743132617791726,0.028067809222612317,-0.023584820058648037,-0.01225060073119022,-0.06568699485672291,-0.01900959011637826,0.14728260869565224,0.18026474127557157
2021-03-31,0.08246860747969742,0.0441554198396541,-0.013421240734236228,-0.004600455210030163,-0.008860228583412066,-0.07215418870025048,-0.06868782567503562,-0.03772430668841764
2021-04-30,0.017562561771630403,0.05217362002026671,0.008353224423536698,0.004368468118142843,0.030362338005818668,0.053243344581927365,0.0935910478128179,0.07416825598643784
2021-05-31,0.024619118312854793,0.00670731009871095,0.00605548364316455,0.004107020780229398,0.07659530776733914,0.08273406906372371,0.0011627906976743319,0.04300651015979473
2021-06-30,0.009397293846545196,0.022766987754137435,0.004263381022508783,-0.003406295448581842,-0.07019217013971668,-0.06638390215032552,0.21416957026713135,0.11102704747493863
2021-07-31,0.011814139809986246,0.023553276484938435,0.014740567935820348,0.008228371532821965,0.02348838401969333,-0.02472266244057042,0.07690836043619642,0.016683690840994192
2021-08-31,0.020434599973337297,0.029842387564658956,-0.0031437187972552794,-0.0021949696000302943,0.0005010773162299476,-0.062253999205575394,0.11422988097353004,-0.07049564634963168
2021-09-30,-0.03214563023035111,-0.04732155089738321,-0.01381570742092264,-0.007893402546542694,-0.03360544899083495,-0.08159728907543617,0.3297193877551019,0.09926139434336156
2021-10-31,0.055322378541375894,0.06962857092286456,-0.006885908655796191,-0.008083509582786363,0.015288142620232259,0.08624737945492655,-0.10647482014388487,0.12209111766633884
2021-11-30,-0.042783433003673044,-0.006689350611742584,0.007142102775356429,0.002091210244470121,-0.005614823133071267,-0.04975489250009635,-0.1751207729468599,-0.19541404994888267
2021-12-31,0.05653013579132615,0.04360284119186808,-0.00262780531227369,-0.003475125031060733,0.029361942405420782,0.02351937606629284,-0.17179111761835042,0.13940824106008343
2022-01-31,-0.02401565408294759,-0.05343203767259974,-0.019161680899121514,-0.014659352701513972,-0.018850047374457612,-0.04103663134500124,0.3645649184835984,0.18002230364823935
2022-02-28,-0.07596651311993263,-0.030247774999894506,-0.0036583144237563037,-0.004895027981637767,0.05804320203303681,0.08599925505938821,-0.08536058730387219,0.10220062103415706
2022-03-31,0.009933161518392408,0.03932543969671731,-0.035801860200436075,-0.030383089385665918,0.025219772301484422,0.03147745893830267,0.2736858671702864,0.07839294463498292
2022-04-30,-0.023611402221756506,-0.08900410772100964,-0.03026449723541158,-0.017574927407161156,-0.021647455721113262,-0.08449403332471273,0.283949091807735,0.04963652885052228
2022-05-31,0.023374692756018778,0.0009091556102478471,0.0059089271185504,0.005974203530352273,-0.036398467432950166,-0.060492332526230874,0.11230872870753528,0.10994481116762245
2022-06-30,-0.08928913233292857,-0.08316952048903004,-0.007717464935275586,-0.00622493474360486,-0.022216699801192896,-0.06520338473433263,-0.3340543346599758,-0.057814175684897995
2022-07-31,0.07841624295330596,0.09077922272870564,0.02201423832631666,0.013154242938778538,-0.024297260204340976,-0.007581675320498138,0.5368325321553853,-0.03756208609271516
2022-08-31,-0.05795569224854624,-0.04282198485748556,-0.03585073270746053,-0.026101269020165296,-0.031206043240427195,-0.11959440688952683,0.11108293177783413,-0.08472207289538769
2022-09-30,-0.06455644544202421,-0.09353950556046786,-0.0414327699230832,-0.029890724352804376,-0.03140460314046023,0.06473836444911907,-0.2631819219356313,-0.1079525431692705
2022-10-31,0.10534272513822618,0.07816064607372741,-0.013106525766088839,-0.008502299305005567,-0.018709749056184832,0.004198360169910043,-0.13031805039239974,0.10429286278641037
2022-11-30,0.10110567198215148,0.05105528476015819,0.023588321659055556,0.01501398644776697,0.0634794908062235,0.12896561900545978,0.029921633816195614,-0.060338659670880035
2022-12-31,-0.0513747902841184,-0.06135650551116811,-0.01060022524706039,-0.005900549754291884,0.03766558493376593,0.10369014943580357,-0.3238413649988471,-0.006218274111675082
2023-01-31,0.10588960757816301,0.059310639630392625,0.019757901730421246,0.012160694363727576,0.05603691361189456,-0.008486953775707629,-0.3387894288150043,-0.02068701315285415
2023-02-28,0.013849837109590979,-0.027996096077778088,-0.02946000479697497,-0.02401697768877753,-0.055830663171181794,-0.12150648937017283,-0.010056730273336756,-0.025427043943147765
2023-03-31,0.018982601817050027,0.03107131219753545,0.029247129714329523,0.022914692427129735,0.07193541752365284,0.14642436327381492,-0.2289658765303465,-0.019266791544019224
2023-04-30,0.012896276271999962,0.012264208362790185,0.0024473150364117124,0.0021402564539239055,0.006475751906749094,0.03514250701664223,0.012499999999999956,0.014324693042292003
2023-05-31,-0.018981342911304044,0.0004787045837697512,-0.013160728169883562,-0.011522492643221027,-0.017777142312458194,-0.0649965630489574,-0.11378044711378033,-0.11271015467383994
2023-06-30,0.03922189528962816,0.06038499944524567,-0.019246524068056492,-0.018192235809087687,-0.026590324615459404,-0.0328786146054566,0.23456325301204806,0.035167500378960215
2023-07-31,0.013983229910366823,0.02812873298630203,-0.007654834219385287,-0.0025532499312151957,0.02128508050446154,0.08480087841547346,-0.055504727050930125,0.158588373114658
2023-08-31,-0.04292636275299022,-0.021346246809088143,-0.007317628784063612,-0.0036754598675182715,-0.021573604060913798,-0.01981547086074653,-0.0003228931223764331,0.02894337714863493
2023-09-30,-0.03287901046692043,-0.05256464695483376,-0.026737963547286747,-0.014613473341053118,-0.05073331337922771,-0.09520216061641129,-0.04586563307493541,0.09433730499938586
2023-10-31,-0.0250722188913719,-0.026182140807324616,-0.017495670118716777,-0.008379051901621026,0.06868463923485191,0.022343180720776123,0.08395396073121186,-0.0881131440116737
2023-11-30,0.07788508049324139,0.08653324598293843,0.03044357635288053,0.018072994279999754,0.02124311565696324,0.10176041219407472,-0.25921299188007496,-0.06216149679960603
2023-12-31,0.02854256353127682,0.04165991316619233,0.02817703145012107,0.01798640044226585,0.007078197226502159,-0.06134060795011698,-0.07841483979763908,-0.059587872424202604
2024-01-31,0.02017101512826125,0.010477178423236477,-0.004982698961937704,-0.0035193610410658716,-0.011522830504422599,-0.03803039109856343,-0.03934126258005488,0.0576413119330077
2024-02-29,0.023640661938534313,0.03064367108099786,-0.022951731812491327,-0.01729854403921005,-0.020944181097030223,0.013163573586534305,-0.2338095238095238,0.03536553180258628
